song_title,artist,confidence,source_bvid,source_video_title,source_video_url,uploader
01,,0.96,BV1GV411c7Wd,【女王蜂/中日歌词/OP完整版】不死不幸OP「01」女王蜂【补档】,https://www.bilibili.com/video/BV1GV411c7Wd,Aki惊蛰
86-不存在的战区,SawanoHiroyuki 作词 : cAnON. 作曲 : 澤野弘之 音响：真力1234 录音MIC：纽曼149 2支 录音设备：SSL Duality Delta Pro Station + Protools 侵删,0.96,BV191LezCEYF,百万级录音棚听《86-不存在的战区-》片尾曲「Hands Up to the Sky」,https://www.bilibili.com/video/BV191LezCEYF,JLRS-jayfm
9Bang15便士,,0.96,BV18W411v7Cx,洛天依原创《9Bang15便士》,https://www.bilibili.com/video/BV18W411v7Cx,ilem
A Sky Full of Stars,会现场 今天这期视频,0.96,BV1Sg411675A,【4K60FPS】酷玩Coldplay《A Sky Full of Stars》超浪漫现场！,https://www.bilibili.com/video/BV1Sg411675A,音乐私藏馆
aLIEz,,0.96,BV1ut411B7io,【Ayasa】小提琴版《aLIEz》（泽野弘之）,https://www.bilibili.com/video/BV1ut411B7io,Ayasa绚沙
AMV｜进击的巨人,,0.96,BV1FZ4y1m774,《AMV｜进击的巨人》The Rumbling 地鸣｜中英歌词 (完整版)【进击的巨人最终季OP】,https://www.bilibili.com/video/BV1FZ4y1m774,葛雷特
Apologize,,0.96,BV18Q4y1q77h,【4K60FPS】共和时代《Apologize》核能现场！唱哭无数人的神曲！,https://www.bilibili.com/video/BV18Q4y1q77h,音乐私藏馆
are you OK,,0.96,BV1DW411R7BV,【原曲】雷军《are you OK》原曲,https://www.bilibili.com/video/BV1DW411R7BV,特斯欧拉
Avid,,0.96,BV1Pc411K7ag,【86-不存在的战区】百万级录音棚听 泽野弘之《Avid》TV动画《86-不存在的战区-》片尾曲【Hi-Res】,https://www.bilibili.com/video/BV1Pc411K7ag,JLRS-jayfm
Barricades,,0.96,BV1az4y1R7DA,曾经火遍全网的《Barricades》带你燃爆全场,https://www.bilibili.com/video/BV1az4y1R7DA,爱喝阿宅的可乐
Believer,,0.96,BV1SK411Q7y6,【4K60FPS】梦龙Imagine Dragons《Believer》万人大合唱现场！全场炸裂！,https://www.bilibili.com/video/BV1SK411Q7y6,音乐私藏馆
Best of my Love,,0.96,BV17x4y1d7aF,顶级品质试听《Best of my Love》宇宙战舰大和号片尾曲ed--在那些我们谈论着梦的夜晚，永远 永远 我的最爱【Hi-Res】,https://www.bilibili.com/video/BV17x4y1d7aF,seb塞巴
Butter-Fly,,0.96,BV1ey4y1t7cy,【4K60FPS】和田光司《Butter-Fly》核爆现场！永远的无限大！,https://www.bilibili.com/video/BV1ey4y1t7cy,音乐私藏馆
Call of Silence,,0.96,BV1bs4y1u7rk,在百万豪装录音棚大声听 进击的巨人ost 澤野弘之《Call of Silence》【Hi-res】,https://www.bilibili.com/video/BV1bs4y1u7rk,JLRS-LeoFM
Counting Stars,,0.96,BV1YP4y1L7mW,【4K60FPS】共和时代《Counting Stars》核能现场！一起来数星星吧！,https://www.bilibili.com/video/BV1YP4y1L7mW,音乐私藏馆
Cycle Of Sorrow,,0.96,BV1gn4y1R7vJ,【中日歌词/钻石星尘新曲/完整版】哭泣少女乐队(闺泣) 「Cycle Of Sorrow」钻石星尘【无损音质】,https://www.bilibili.com/video/BV1gn4y1R7vJ,Aki惊蛰
Daddy ! Daddy ! Do !,,0.96,BV1XV4y1E7hz,【4K顶级画质】辉夜大小姐OP《Daddy ! Daddy ! Do !》现场，爱了爱了！！！,https://www.bilibili.com/video/BV1XV4y1E7hz,蚕豆音乐侠
Daydream café,点兔OP「Daydream café」,0.96,BV1ABxxeNEsU,【中日字幕】山田凉(CV.水野朔)翻唱点兔OP「Daydream café」【孤独摇滚×Kirara展翻唱企划】,https://www.bilibili.com/video/BV1ABxxeNEsU,百億_光年
deja vu,,0.96,BV1Lt411y7N4,逮虾户原曲《deja vu》,https://www.bilibili.com/video/BV1Lt411y7N4,Freehub123
Despacito,,0.96,BV1J14y1g7Gh,【4K珍藏】火爆全球的神曲《Despacito》！你会唱了吗？！,https://www.bilibili.com/video/BV1J14y1g7Gh,4K音乐馆
Despacito,西语神曲《Despacito》,0.96,BV1zF411A7MM,【Kobo】女儿演唱西语神曲《Despacito》,https://www.bilibili.com/video/BV1zF411A7MM,澄田花苗
Despacito,火爆全球的《Despacito》,0.96,BV1hx411n7m3,小姐姐J.Fla惊艳翻唱火爆全球的《Despacito》,https://www.bilibili.com/video/BV1hx411n7m3,YARGEL
DJ OKAWARI,,0.96,BV1zx411f7Kx,《DJ OKAWARI》Flower Dance（花之舞）高品质，进来听歌,https://www.bilibili.com/video/BV1zx411f7Kx,Pigeon老硬币
Dr.STONE石纪元 第二季,金澤ダイスケ,0.96,BV1FN411R7i7,「Dr.STONE石纪元 第二季」OP主题曲完整版「楽園」/ フジファブリック【中字歌詞】,https://www.bilibili.com/video/BV1FN411R7i7,百億_光年
drop pop candy,hanser x 鹿乃 原唱 「REOL - drop pop candy」 Lyrics,0.96,BV19C4y1t7YU,【hanser x 鹿乃】 《drop pop candy》翻唱,https://www.bilibili.com/video/BV19C4y1t7YU,鹿乃ちゃん
Enemy,,0.96,BV1k8411e7pH,【4K60FPS】梦龙Imagine Dragons x J.I.D《Enemy》核能现场！翻过那座山！,https://www.bilibili.com/video/BV1k8411e7pH,音乐私藏馆
Faded,。该曲在2015年12月4日以单曲形式发行,0.96,BV1GL411P7dX,【4K珍藏】神曲《Faded》嗨爆全场！让你爱上电音！,https://www.bilibili.com/video/BV1GL411P7dX,4K音乐馆
Fire,,0.96,BV1vk6GYPE8y,【4K 60帧】超强live！周深《Fire》燃爆全场！【2024B站跨年晚会单品】,https://www.bilibili.com/video/BV1vk6GYPE8y,哔哩哔哩晚会
Flower Dance,,0.96,BV1Q4411h7Xk,《Flower Dance》超还原钢琴演奏版,https://www.bilibili.com/video/BV1Q4411h7Xk,up初相识
Gimme×Gimme feat. 初音ミク・鏡音リン,初音ミク・鏡音リン」,0.96,BV1CE411a7WH,八王子P × Giga「Gimme×Gimme feat. 初音ミク・鏡音リン」,https://www.bilibili.com/video/BV1CE411a7WH,八王子P_公式
Go Go Go Go,,0.96,BV18v4y137c9,《Go Go Go Go》“我的肩上是风 风上是闪烁的星群｜日推歌单,https://www.bilibili.com/video/BV18v4y137c9,Lohas-VII
Good Time,的一首流行歌曲,0.96,BV1L84y1t77K,【4K珍藏】火爆全球的神曲《Good Time》！听完一整天都是好心情！,https://www.bilibili.com/video/BV1L84y1t77K,4K音乐馆
Heart of Gold,,0.96,BV1H9u8zcE2p,【咚奇刚:蕉力全开】主题曲《Heart of Gold》完整版（中字）,https://www.bilibili.com/video/BV1H9u8zcE2p,皓禹单推人
Hymn For The Weekend,,0.96,BV1LA4y1D7jA,【4K60FPS】酷玩Coldplay、Beyoncé《Hymn For The Weekend》梦幻联动爆火神曲！,https://www.bilibili.com/video/BV1LA4y1D7jA,音乐私藏馆
I Hate Myself For Loving You,,0.96,BV1HA411A7nL,【4K修复】摇滚女皇Joan Jett《I Hate Myself For Loving You》经典MV！简单而纯粹的摇滚乐！,https://www.bilibili.com/video/BV1HA411A7nL,聆听无限
I Want My Tears Back,,0.96,BV1aY4y1j7oD,一开口就燃炸了！夜愿《I Want My Tears Back》震撼现场！直接起飞~,https://www.bilibili.com/video/BV1aY4y1j7oD,4K音乐馆
If We Never Broke Up,,0.96,BV1HF411d7iw,这可是多巴胺的小曲！｜《If We Never Broke Up》,https://www.bilibili.com/video/BV1HF411d7iw,星痴_Daily_
Immortals,,0.96,BV1kt411Y7Qs,《Immortals》超能陆战队主题曲-Fall Out Boy,https://www.bilibili.com/video/BV1kt411Y7Qs,Y枫叶Y-bili
In the end,,0.96,BV1xz4y167t2,【4K60FPS】Linkin Park林肯公园《In the end》 核能现场！摇滚万岁！,https://www.bilibili.com/video/BV1xz4y167t2,音乐私藏馆
IVORY TOWER,SennaRin)》,0.96,BV14S4y1W7hX,【龙族动画】泽野弘之丨《IVORY TOWER》,https://www.bilibili.com/video/BV14S4y1W7hX,龙族动画官方
Jar Of Love,,0.96,BV17c411u7t6,【无损音质】《Jar Of Love》-曲婉婷,https://www.bilibili.com/video/BV17c411u7t6,迷茫久生
last of the wilds,,0.96,BV1Jt411p7t7,超然现场：Nightwish 夜愿 《last of the wilds》引燃全场，大型歌迷晕厥现场！,https://www.bilibili.com/video/BV1Jt411p7t7,阿尔伯特史塔克
Lemon Tree/柠檬树,的一首歌曲,0.96,BV1Ye411M7bS,【4K珍藏】《Lemon Tree/柠檬树》！英语老师狂喜！,https://www.bilibili.com/video/BV1Ye411M7bS,4K音乐馆
Let Me Hear,,0.96,BV1J4411y7Cv,【现场版】『寄生兽 生命的准则』OP「Let Me Hear」【中日罗字幕】【完整版】,https://www.bilibili.com/video/BV1J4411y7Cv,Rwey
Lose Control,,0.96,BV1aP411V7UV,【超燃励志】《Lose Control》-Hedley，呐 呐 呐 呐 哦 哦 哦,https://www.bilibili.com/video/BV1aP411V7UV,小白音乐MV
LOVE2000,啊,0.96,BV1iz421q7cd,【中日歌词/完整ED】败犬女主太多了！ED「LOVE2000」八奈見杏菜 (CV.遠野ひかる)【高音质】,https://www.bilibili.com/video/BV1iz421q7cd,Aki惊蛰
Lycoris Recoil,酸欠少女さユり,0.96,BV1jW4y1U7C4,「Lycoris Recoil」ED中日歌词完整版／酸欠少女さユり「花の塔」,https://www.bilibili.com/video/BV1jW4y1U7C4,百億_光年
Lycoris Recoil,重永亮介 演唱：ClariS CC字幕@Fediou 自购音源【喜欢这首歌的话欢迎关注投币转发】,0.96,BV1XB4y1e7ce,「Lycoris Recoil」OP中日歌词完整版／ClariS「ALIVE」,https://www.bilibili.com/video/BV1XB4y1e7ce,百億_光年
MANNEQUIN,,0.96,BV1VU4y1o7Rw,DECO*27 - 8th Album「MANNEQUIN」,https://www.bilibili.com/video/BV1VU4y1o7Rw,白金小雪
Monody,,0.96,BV19s411F7RD,史诗级电音神曲《Monody》请佩戴耳机！,https://www.bilibili.com/video/BV19s411F7RD,只有聪明的人才看得见
Nevada,,0.96,BV1wx411H7GS,《Nevada》一首值得你单曲循环的电音，请打开音响尽情享受。,https://www.bilibili.com/video/BV1wx411H7GS,陈卓璇的小站
NOX LUX,MYTH & ROID 字幕翻译@Wakeの白剑 自购音源 视频素材再经我后期剪辑 音源只供试听,0.96,BV1hb2TYFEyU,【中日字幕/ED完整版】Re:ゼロから始める異世界生活 第三季 ED「NOX LUX」/ MYTH & ROID,https://www.bilibili.com/video/BV1hb2TYFEyU,百億_光年
Numb,,0.96,BV1ra411Q7Rx,【4K珍藏】Linkin Park-林肯公园《Numb》炸裂现场！直接全体起立！,https://www.bilibili.com/video/BV1ra411Q7Rx,4K音乐馆
One Last Kiss,会「Hikaru Utada Live Sessions from Air Studios」 将于1月19日（星期三）19:00进行放送！ 购票链接→https,0.96,BV1Sg411w7T9,【官方MV】宇多田光 - 《One Last Kiss》（电影《新·福音战士剧场版：终》主题曲）,https://www.bilibili.com/video/BV1Sg411w7T9,宇多田光
panama,,0.96,BV1Tx411x7k2,火爆全球的神曲《panama》官方魔性超清Live,https://www.bilibili.com/video/BV1Tx411x7k2,手写的心
Reality,,0.96,BV1DX4y1k7Yi,这首《Reality》真的上头！如此的简单好听！,https://www.bilibili.com/video/BV1DX4y1k7Yi,4K音乐馆
ReawakeR,Felix of Stray Kids)」 这首歌太爽了我的天！这个也是我这个季度剪辑得最舒服的一个视频了,0.96,BV1uBrWY8EWt,【泽野弘之×LiSA×Felix/中日歌词】我独自升级第二季OP「ReawakeR」【无损音质/一月新番】,https://www.bilibili.com/video/BV1uBrWY8EWt,Aki惊蛰
Reweave,鈴木このみ 作詞：烏屋茶房 作曲、編曲：Tom-Hack 字幕翻译@唯一的星愿 自购音源 视频素材再经我后期剪辑 音源只供试听,0.96,BV1vD2cYDE32,【中日字幕/OP完整版】Re:ゼロから始める異世界生活 第三季 OP「Reweave」鈴木このみ,https://www.bilibili.com/video/BV1vD2cYDE32,百億_光年
Rock and Stone,,0.96,BV1f1421b7kK,【深岩银河】新歌《Rock and Stone》：油管百万粉金属乐队Wind Rose联名深岩银河官方发布新歌曲《Rock and Stone》（中英字幕）,https://www.bilibili.com/video/BV1f1421b7kK,寒曦月璃
Say So,,0.96,BV1f7411P79d,好美子！Doja Cat热单《Say So》肥伦秀现场,https://www.bilibili.com/video/BV1f7411P79d,Jackson0920
secret base,,0.96,BV1LK4y1x76B,【4K60帧】祈缘憨鸟同台共唱《secret base》青春回来了【BML2020单品】,https://www.bilibili.com/video/BV1LK4y1x76B,BML制作指挥部
See You Again,维兹·卡利法与歌手查理·普斯合作演唱的一首歌曲 这首歌,0.96,BV1qU4y1F73A,【4K60FPS】查理·普斯《See You Again》爆火神曲！珍惜身边的人！,https://www.bilibili.com/video/BV1qU4y1F73A,音乐私藏馆
Senorita,,0.96,BV1Pt411V7Su,【开口跪系列】J.Fla小姐姐翻《 Senorita 》【1080P】,https://www.bilibili.com/video/BV1Pt411V7Su,忧伤的汤姆
Señorita,,0.96,BV1z4411B7ce,太甜了吧！萌德卡妹冠单《Señorita》首演现场！,https://www.bilibili.com/video/BV1z4411B7ce,Jackson0920
Shape Of You,,0.96,BV1bx41117rd,【MV】黄老板新单-《Shape Of You》中英字幕,https://www.bilibili.com/video/BV1bx41117rd,不愿透露姓名的萌新
SHINY DAYS,摇曳露营OP「SHINY DAYS」,0.96,BV1Tq1yYxENk,【中日字幕】伊地知虹夏(CV.鈴代紗弓)翻唱摇曳露营OP「SHINY DAYS」【孤独摇滚×Kirara展翻唱企划】,https://www.bilibili.com/video/BV1Tq1yYxENk,百億_光年
Sing,MusikM 英文作,0.96,BV1pW411f7gr,【初音未来英文原创】11周年诞生曲《Sing》【bilibili音乐×MikaiMusic 联合出品】,https://www.bilibili.com/video/BV1pW411f7gr,MikaiMusic未开封音乐
Something Just Like This,,0.96,BV1qe41167QB,你好，小蜘蛛侠！Jake Miller演绎经典《Something Just Like This》【2023最美的夜】,https://www.bilibili.com/video/BV1qe41167QB,JAKEMILLER
Something Just Like This,Mike_Tompkins,0.96,BV16x411j7j7,《Something Just Like This》来自64国家，千人合唱,https://www.bilibili.com/video/BV16x411j7j7,horny_leo
SOUVENIR,BUMP OF CHICKEN OP部分 分镜演出：荒木哲郎 时轴：@存在感Null,0.96,BV1tG4y1x7BL,【中日歌词/完整版】间谍过家家 后半部分OP 「SOUVENIR」,https://www.bilibili.com/video/BV1tG4y1x7BL,Aki惊蛰
Stay,的一首歌曲,0.96,BV1eG4y1N7eG,【4K珍藏】贾斯汀比伯神曲《Stay》！真的循环洗脑！,https://www.bilibili.com/video/BV1eG4y1N7eG,4K音乐馆
Stay,,0.96,BV1nh41167Wh,贾斯汀比伯联手The Kid LAROI新单《Stay》官方MV超清大首播,https://www.bilibili.com/video/BV1nh41167Wh,JustinBieber_CN
Sunny,的一首歌曲,0.96,BV1jD4y1L7uj,【回忆经典】迪斯科名曲《Sunny》！多少人的青春啊！,https://www.bilibili.com/video/BV1jD4y1L7uj,4K音乐馆
Sunshine Girl,,0.96,BV11r4y127XV,【4K顶级画质】曾经超火的日语歌《Sunshine Girl》现场，这口哨真好听！！！,https://www.bilibili.com/video/BV11r4y127XV,蚕豆音乐侠
Super Star,S.H.E 填词：施人诚 谱曲：Jade、Geoman From Sweetbox 编曲：Jade、Geoman From Sweetbox 本家链接：https,0.96,BV1ZM411T7px,【洛天依AI】《Super Star》【你是电 你是光 你是唯一的神话】,https://www.bilibili.com/video/BV1ZM411T7px,墙上不糊小泥巴
take me hand,,0.96,BV1xW411S7ag,这首《take me hand》百听不厌！开口瞬间，惊艳所有人！,https://www.bilibili.com/video/BV1xW411S7ag,最电台
The Cup Of Life,,0.96,BV1484y1177s,【4K60FPS】瑞奇·马丁《The Cup Of Life》世界名曲！永恒的生命之杯！,https://www.bilibili.com/video/BV1484y1177s,音乐私藏馆
The Final Countdown,,0.96,BV1Xo4y1i7Uh,【4K珍藏】世界摇滚名曲《The Final Countdown》！真的是太经典了！,https://www.bilibili.com/video/BV1Xo4y1i7Uh,4K音乐馆
THE FIRST TAKE,QQ音乐 群青 - YOASOBI (ヨアソビ) 主唱：ikura,0.96,BV1HV411v7Np,【中日字幕】 群青 - YOASOBI (ヨアソビ)「THE FIRST TAKE」完整版纯享版Ayase+ikura+Plusonica合唱团@姐夫日剧字幕组,https://www.bilibili.com/video/BV1HV411v7Np,姐夫日剧字幕组
The Hero !! ~怒れる拳に火をつけろ,,0.96,BV1EE411u7a2,一拳超人OP《The Hero !! ~怒れる拳に火をつけろ》,https://www.bilibili.com/video/BV1EE411u7a2,小炎Magma
The Nights,会版本 我本来做了另外几首歌的双语字幕,0.96,BV1aB4y1A7ge,【纪念】A神Avicii《The Nights》纪念万人大合唱现场！音乐不朽！,https://www.bilibili.com/video/BV1aB4y1A7ge,音乐私藏馆
The Phoenix,,0.96,BV13s411A74v,Fall Out Boy-《The Phoenix》,https://www.bilibili.com/video/BV13s411A74v,Keaidecx
The Show,,0.96,BV1Vt411T7gC,Lenka《The Show》mv-中英字幕版,https://www.bilibili.com/video/BV1Vt411T7gC,蓝夏BlueSummer
The Spectre,,0.96,BV1vx411G7nS,Alan Walker最新神曲《The Spectre》超带感,https://www.bilibili.com/video/BV1vx411G7nS,德井夕夜
Time Machine,英格丽·迈克尔森在2014年发布的专辑《Lights Out》中收录的一首歌曲。下班路上听这歌,0.96,BV1m24y1Q76M,一定要看的MV《Time Machine》！前奏一出果断收藏！,https://www.bilibili.com/video/BV1m24y1Q76M,4K音乐馆
Toca Toca,,0.96,BV1Bs41147dj,《Toca Toca》,https://www.bilibili.com/video/BV1Bs41147dj,情意三千不敌胸脯四两
Unmei?,原賀胡桃(CV.進藤あまね)、銘戸芽衣(CV.三森すずこ)、須藤 育(CV.高橋李依)、美杉美々美(CV.Lynn)、華暮愛々(CV.高尾奏音) 作詞：安藤紗々 作曲・編曲：田淵智也、睦月周平、滝澤俊輔（TRYTONELABO）、eba 字幕翻译@傻fuふ 自购音源 视频素材再经我后期剪辑 音源只供试听,0.96,BV1dxPCeUEB3,【中日字幕/ED完整版】超超超超超喜欢你的100个女朋友第二季 ED「Unmei?」/ 進藤あまね、三森すずこ、高橋李依、Lynn、高尾奏音,https://www.bilibili.com/video/BV1dxPCeUEB3,百億_光年
Unstoppable,,0.96,BV1oN4y1q7md,周深《Unstoppable》神级回眸惊艳全场【2023最美的夜】,https://www.bilibili.com/video/BV1oN4y1q7md,卡布叻_周深
Uptown Funk,,0.96,BV1WT411Q7Nx,【4K60FPS】火星哥Bruno Mars《Uptown Funk》神级现场！真的这么丝滑吗,https://www.bilibili.com/video/BV1WT411Q7Nx,音乐私藏馆
Uptown Funk,的一首歌曲,0.96,BV1BT411M7zz,【4K珍藏】火星哥《Uptown Funk》超骚现场！果然法力无边~,https://www.bilibili.com/video/BV1BT411M7zz,4K音乐馆
Waiting for Love,《Waiting for Love》 歌手： Avicii 视频制作,0.96,BV12b4y147DE,A神经典电音之作《Waiting for Love》，歌词温暖励志，激励有梦想的人,https://www.bilibili.com/video/BV12b4y147DE,童童音乐
Waiting For Love,。数十年后我们依旧会记得一个年轻的DJ,0.96,BV1v14y157gU,【4K珍藏】A神Avicii炸场神曲《Waiting For Love》！全体起立～,https://www.bilibili.com/video/BV1v14y157gU,4K音乐馆
Waka Waka,夏奇拉（Shakira)所演唱的歌曲,0.96,BV11M411C7Bc,【4K珍藏】世界杯名曲《Waka Waka》！梦回那个夏天！,https://www.bilibili.com/video/BV11M411C7Bc,4K音乐馆
We are the world,进行了标注,0.96,BV1u741117Ps,永恒不朽的经典《We are the world》，每次听都是震撼心灵的盛宴,https://www.bilibili.com/video/BV1u741117Ps,英文经典歌
We Will Rock You,的歌曲,0.96,BV18R4y1o7Ku,【4K珍藏】世界杯名曲《We Will Rock You》！总是让人热血澎湃！,https://www.bilibili.com/video/BV18R4y1o7Ku,4K音乐馆
Whistle,,0.96,BV1EV4y1x7UV,风靡全球的口哨神曲《Whistle》！宝贝你能吹出这样的口哨吗？,https://www.bilibili.com/video/BV1EV4y1x7UV,4K音乐馆
World of the happiness！,,0.96,BV18v41147K8,战斗吧歌姬唱响《World of the happiness！》&《Unite》准备一起go beyond！【BML-VR2020】,https://www.bilibili.com/video/BV18v41147K8,BML制作指挥部
You,,0.96,BV1zt411t7fZ,这首世界公认的神级电音《You》，悲伤的时候一定要听！,https://www.bilibili.com/video/BV1zt411t7fZ,音乐君
young for you,,0.96,BV1Tb411c7it,《young for you》听这首歌，我把我家的牛踢开，自己把三十亩地犁完了,https://www.bilibili.com/video/BV1Tb411c7it,星空sky111
Young For You,GALA 曲名: Young for You 简介补充: 绝对不能错过的现场版,0.96,BV1hp411d7jM,GALA《Young For You》现场版,https://www.bilibili.com/video/BV1hp411d7jM,IIlIllIIIIlll
ət'æk 0N tάɪtn,会,0.96,BV1Y4411t733,小林未郁演唱会，进击的巨人主题曲《ət'æk 0N tάɪtn》,https://www.bilibili.com/video/BV1Y4411t733,阿古特摄剪辑
ありがと、大好きになってくれて,恋太郎家族 作詞：安藤紗々 作曲・編曲：田淵智也、睦月周平、滝澤俊輔（TRYTONELABO）、eba 字幕翻译@pikahao233 @Super丶过 自购音源 视频素材再经我后期剪辑 音源只供试听,0.96,BV1duPyeJEWk,【中日字幕/OP完整版】超超超超超喜欢你的100个女朋友第二季 OP「ありがと、大好きになってくれて」/ 恋太郎ファミリー,https://www.bilibili.com/video/BV1duPyeJEWk,百億_光年
つよがるガール,もっさ,0.96,BV1xz421i7gy,【4K60帧/Hires无损音质】败犬女主太多了！NCOP「つよがるガール」ぼっちぼろまる feat.もっさ【MV/中文字幕】,https://www.bilibili.com/video/BV1xz421i7gy,鬼畜王_KichikuKing
アイドル,,0.96,BV1Ws4y1A7fS,【中文字幕】我推的孩子「アイドル」官方MV（4K 60帧/Hi-Res）,https://www.bilibili.com/video/BV1Ws4y1A7fS,爱莉丝青贝尔克
クスシキ,,0.96,BV1w1M6zWExH,【完整版/主题曲/官方MV】药屋少女的呢喃 第二季 主题曲「クスシキ」动画MV【官方歌词】,https://www.bilibili.com/video/BV1w1M6zWExH,夏日幻听MCE
コイセカイ,コイセカイ,0.96,BV1ik4y1P7pD,【中日字幕/ClariS/OP完整版】白圣女与黑牧师 OP「コイセカイ」／ClariS,https://www.bilibili.com/video/BV1ik4y1P7pD,百億_光年
ダンスホール,,0.96,BV15g411U7YW,【中日(平假名)字幕】Mrs. GREEN APPLE「ダンスホール」,https://www.bilibili.com/video/BV15g411U7YW,Beyond-Plan
ハレ晴レユカイ,,0.96,BV1xN4y1r7oA,顶级品质试听《ハレ晴レユカイ》凉宫春日的忧郁经典片尾曲ed， 晴天好心情，SOS团舞【Hi-Res】,https://www.bilibili.com/video/BV1xN4y1r7oA,seb塞巴
ヤキモチ,,0.96,BV19J411E7rk,【蓝光】高桥优《ヤキモチ》神曲MV完整版(《起风了》日语原版),https://www.bilibili.com/video/BV19J411E7rk,音乐私藏馆
一个想成为开朗JK的孤僻JK,《一个想成为开朗JK的孤僻JK》,0.96,BV1aD4y167ju,【鹿乃】翻唱《一个想成为开朗JK的孤僻JK》,https://www.bilibili.com/video/BV1aD4y167ju,鹿乃ちゃん
七色世界,,0.96,BV1yh411Z7zt,来神楽七奈的《七色世界》听听《星話》【BML-VR2020】,https://www.bilibili.com/video/BV1yh411Z7zt,BML制作指挥部
七里香,,0.96,BV1qD4y1U7fs,【4K60FPS】周杰伦《七里香》封神之作！华语乐坛最美的一首歌,https://www.bilibili.com/video/BV1qD4y1U7fs,音乐私藏馆
万分之一的光,ChiliChill 调校：动点P 原视频：BV1Tp4y1S7cu,0.96,BV1j14y197ZR,而我也曾是你《万分之一的光》【洛天依11周年生日会】,https://www.bilibili.com/video/BV1j14y197ZR,洛天依
万分之一的光,,0.96,BV1xo4y1X7TA,天依开场，《万分之一的光》《香草茶与黑咖啡》《安娜的橱窗》三首联唱,https://www.bilibili.com/video/BV1xo4y1X7TA,BML制作指挥部
上山岗,,0.96,BV1zJ411479H,洛天依 原创《上山岗》,https://www.bilibili.com/video/BV1zJ411479H,ilem
不要小看我们之间的羁绊,,0.96,BV1PW6GY7EYZ,【4K 60帧】木叶飞舞之处，火亦生生不息！火影OP FLOW乐队《不要小看我们之间的羁绊》【2024B站跨年晚会单品】,https://www.bilibili.com/video/BV1PW6GY7EYZ,哔哩哔哩晚会
与君共,,0.96,BV1wC4y137uv,「与君共」Here With You - Asher Monroe 百万级装备试听【Hi-Res】,https://www.bilibili.com/video/BV1wC4y137uv,JLRS日落fm
丹歌惊鸿,坡上村孙骁 作词：浓缩排骨 作曲,0.96,BV1FW411x7vd,【一人之下】王也角色歌《丹歌惊鸿》,https://www.bilibili.com/video/BV1FW411x7vd,腾讯动漫
丹歌惊鸿,桂子油,0.96,BV15p411R7Sv,【一人之下】王也角色歌《丹歌惊鸿》完整版,https://www.bilibili.com/video/BV15p411R7Sv,腾讯动漫
买买买,,0.96,BV1KJ411C7Un,【Mitchie M】初音未来《买买买》【2020拜年祭单品】,https://www.bilibili.com/video/BV1KJ411C7Un,MitchieM
人型,,0.96,BV13y4y1D7mJ,HIMEHINA《人型》&《Mr.VIRTUALIZER》两首连唱，超燃现场快来打call！【BML-VR2020】,https://www.bilibili.com/video/BV13y4y1D7mJ,BML制作指挥部
人生進行形,MIMI 作词：MIMI 编曲：MIMI illustrated：さけハラス typography : 久保 裕美 ===============,0.96,BV1Yy4y1S72H,【May'n】什么都不知道就好 《人生進行形》,https://www.bilibili.com/video/BV1Yy4y1S72H,Mayn_官方
仙剑奇侠传3,一开口,0.96,BV11s411A7aN,2009年《仙剑奇侠传3》最火的插曲，原唱一开口，勾起太多回忆！,https://www.bilibili.com/video/BV11s411A7aN,爱豆娱乐
你从未离去,,0.96,BV127411A7ne,《你从未离去》白挺叔叔在熊出没的最后一首歌曲,https://www.bilibili.com/video/BV127411A7ne,赌上名侦探爷爷的名义
你好，小蜘蛛侠,,0.96,BV1Vt411a7Kr,【Something Just Like This/催泪向】“你好，小蜘蛛侠”,https://www.bilibili.com/video/BV1Vt411a7Kr,许疯子V
倒转四十六亿年,,0.96,BV16g411i7Ry,为你变回草履虫！⚡洛天依原创曲《倒转四十六亿年》⚡,https://www.bilibili.com/video/BV16g411i7Ry,邪叫教主
偏爱,,0.96,BV1ki4y1d7Ln,【4K修复】张芸京《偏爱》仙剑奇侠传版，你的青春回来啦！,https://www.bilibili.com/video/BV1ki4y1d7Ln,4K音乐馆
光るなら,,0.96,BV1w14y1p7a5,四月是你的谎言OP1《光るなら》（若能绽放光芒）4K完整版 双语字幕,https://www.bilibili.com/video/BV1w14y1p7a5,ThisDong
全是爱,,0.96,BV1694y1F74L,凤凰传奇《全是爱》唱跳限定版！【2023最美的夜】,https://www.bilibili.com/video/BV1694y1F74L,凤凰传奇
兰亭序,,0.96,BV1wL4y1E7mM,【4K修复】周杰伦《兰亭序》MV 2160P修复版 经典中国风,https://www.bilibili.com/video/BV1wL4y1E7mM,zyl2012_音乐无限
内向的都是作曲家,,0.96,BV1U4411v7bM,3D环绕♪一首百听不厌的日文歌《内向的都是作曲家》(ﾉω╹๑),https://www.bilibili.com/video/BV1U4411v7bM,Novo清欢
再见那天的旋律,アヤアカナ 本歌曲不作为商业用途,0.96,BV1G1421b7qZ,【中日歌词/完整新曲/CV泽城美雪】哭泣少女乐队(闺泣) 「再见那天的旋律」美音（CV泽城美雪）Vocal：仝(どう)【第七话插曲】,https://www.bilibili.com/video/BV1G1421b7qZ,Aki惊蛰
再飞行,,0.96,BV1ES4y1z7TT,𝐓𝐌耗时𝟏𝟏𝟒𝟓𝟏𝟒秒修复的星游记《再飞行》，只为让你们带着梦想再次高高的飞起来啊！,https://www.bilibili.com/video/BV1ES4y1z7TT,迷茫小伽玛
冒険でしょでしょ,,0.96,BV16Q4y1E7zR,顶级品质试听《冒険でしょでしょ》凉宫春日的忧郁经典op， 答案，一直在我心中----平野綾【Hi-Res】,https://www.bilibili.com/video/BV16Q4y1E7zR,seb塞巴
冬之花,,0.96,BV1sB4y147MZ,【8K】MV 宮本浩次 《冬之花》「冬の花」—— 收藏级画质,https://www.bilibili.com/video/BV1sB4y147MZ,Sallos
凉宫春日的忧郁,,0.96,BV1eD4y167B9,平野绫 - Super Driver | 《凉宫春日的忧郁》AMV,https://www.bilibili.com/video/BV1eD4y167B9,我中意食烧鹅髀
勇者,YOASOBI 动画MV,0.96,BV1uF411U7Ts,【主题曲/完整版/官方MV】葬送的芙莉莲 主题曲OP「勇者」by YOASOBI 动画MV【4K画质】,https://www.bilibili.com/video/BV1uF411U7Ts,夏日幻听MCE
勋章,的歌曲,0.96,BV12z4y1L7hQ,在百万豪装录音棚大声听 鹿晗《勋章》【Hi-res】,https://www.bilibili.com/video/BV12z4y1L7hQ,JLRS-LeoFM
勾指起誓,ilem 作曲：ilem 原唱：洛天依,0.96,BV15y4y1i7ZR,鸟憨共唱《勾指起誓》，这么甜的小情歌你听过吗？【BML-VR2020】,https://www.bilibili.com/video/BV15y4y1i7ZR,BML制作指挥部
勾指起誓,,0.96,BV1nb411L7ha,日语版《勾指起誓》歌ってみた【鹿乃】,https://www.bilibili.com/video/BV1nb411L7ha,鹿乃ちゃん
十周年了，奖励你再看一遍剪影,,0.96,BV117mFBoEB8,"""十周年了，奖励你再看一遍剪影""【𝟒𝙆/𝟔𝟎𝗙𝗣𝗦】",https://www.bilibili.com/video/BV117mFBoEB8,Zn-TG
单相思,《 单相思 》,0.96,BV1TM4y1y7g5,鹿乃 翻唱《 单相思 》MV,https://www.bilibili.com/video/BV1TM4y1y7g5,鹿乃ちゃん
反方向的钟,的歌曲,0.96,BV1St4y1p7Ee,【4K&1080P】周杰伦-《反方向的钟》MV完整版,https://www.bilibili.com/video/BV1St4y1p7Ee,cuber_w
反语,,0.96,BV11V411h76o,花寄女生宿舍元气满满，《反语》、《1 2 fan club》、《FlowerPop Girl》治愈你了没？【BML-VR2020】,https://www.bilibili.com/video/BV11V411h76o,BML制作指挥部
只想守护你,,0.96,BV1Hp4y1H7sR,《只想守护你》男声版，这个真的很燃啊，赛迦奥特曼插曲,https://www.bilibili.com/video/BV1Hp4y1H7sR,大古音乐
可是雪啊，埋进土里,卧烟远山 声线处理：sovits 4.0,0.96,BV1QX4y127jq,⚡️“可是雪啊，埋进土里”⚡️,https://www.bilibili.com/video/BV1QX4y127jq,寒了个羽
吉他与孤独与蓝色星球,,0.96,BV1sv4y1U7j6,【中日歌词/完整版】「吉他与孤独与蓝色星球」第五集live部分插曲—結束バンド【孤独摇滚】,https://www.bilibili.com/video/BV1sv4y1U7j6,Aki惊蛰
吉祥话,,0.96,BV1Th411k7bi,【泠鸢·单人】只存在于录音中的RAP《吉祥话》单人版,https://www.bilibili.com/video/BV1Th411k7bi,泠鸢yousa
吸血鬼 / ヴァンパイア,《吸血鬼,0.96,BV1E5411g7Lj,【鹿乃】翻唱《吸血鬼 / ヴァンパイア》【MMD】,https://www.bilibili.com/video/BV1E5411g7Lj,鹿乃ちゃん
呆呆一呆呆,贺岁纪单品,0.96,BV1sx4y1g7Hh,对上暗号，新春大吉！和洛天依一起「呆呆一呆呆」，听一遍开心一遍！【2023虚拟歌手贺岁纪单品/洛天依AI/iKz-茶壶】,https://www.bilibili.com/video/BV1sx4y1g7Hh,iKz_茶壶
命运之花,,0.96,BV1Yi421e7n7,【中日歌词/最终回插曲】哭泣少女乐队(闺泣) 「命运之花」TOGENASHI TOGEARI【无损音质】,https://www.bilibili.com/video/BV1Yi421e7n7,Aki惊蛰
哇哇世界,Giga & Mitchie M ▪️作词：Mitchie M ▪️编曲：Giga ▪️插画：夢ノ内 ▪️视频：お菊 ※ 中文字幕 翻译 by Azusa,0.96,BV1nz4y1Q7UJ,"【Giga × Mitchie M】初音未来,镜音铃《哇哇世界》【Project SEKAI 主题曲】",https://www.bilibili.com/video/BV1nz4y1Q7UJ,MitchieM
啊~ 自由的味道！,Kelly Clarkson “保持信念,0.96,BV1pD4y187KT,“啊~ 自由的味道！”—《Catch My Breath》,https://www.bilibili.com/video/BV1pD4y187KT,Sean_Dream
困惑的心灵感应,,0.96,BV14y4y1i7wr,花谱带来治愈旅程，搭上《困惑的心灵感应》一起寻找《answer》吧！【BML-VR2020】,https://www.bilibili.com/video/BV14y4y1i7wr,BML制作指挥部
塑料袋,,0.96,BV1bW411b75X,【缝纫机乐队】经典插曲《塑料袋》超清版,https://www.bilibili.com/video/BV1bW411b75X,宅男不难
夜的第七章,周杰伦 曲名: 夜的第七章,0.96,BV1vW411i7GF,周杰伦《夜的第七章》MV,https://www.bilibili.com/video/BV1vW411i7GF,我又不幽默风趣
夜空中最亮的星,Jian 演唱：Jian,0.96,BV1NE411k76W,震惊！我居然把《夜空中最亮的星》和《Faded》改编到一起了？,https://www.bilibili.com/video/BV1NE411k76W,王子健Official
夜空中最亮的星,逃跑计划《夜空中最亮的星》出品：人民日报 演职人员 女高声部：孙 晨 廖佳润 邱诗晗 林富薇 女中声部：方 娱 方丹妮 黄雅琪 詹佳雯 女低声部：郑海雯 蒋芷涵 郑千琳 男高声部：苏伟林 钟柠绩 严浩萌 龚 爵 男低声部：曾锦灿 陈 锟 词曲：逃跑计划 编曲：徐 聪 打击设计：徐 聪 高至凡 蒋进之 排练指导：高至凡 蒋进之 林 琳 音频制作：吉岛音乐工作室 视频制作：艾,0.96,BV1LW411o7kD,厦门六中合唱团最新演绎《夜空中最亮的星》,https://www.bilibili.com/video/BV1LW411o7kD,吉岛音乐
大吉,,0.96,BV1za411X7BJ,洛天依 原创《大吉》,https://www.bilibili.com/video/BV1za411X7BJ,ilem
大大大大大好きな君へ♡,,0.96,BV1nu411T7S8,【中文字幕】超超超超超喜欢你的100个女朋友 op 「大大大大大好きな君へ♡」,https://www.bilibili.com/video/BV1nu411T7S8,白夜ハネ
大家来跳舞,,0.96,BV1jn6VYMEx8,【4K 60帧】全体起立！爷童回！童年神曲樱桃小丸子OP B.B.QUEENS 《大家来跳舞》【2024B站跨年晚会单品】,https://www.bilibili.com/video/BV1jn6VYMEx8,哔哩哔哩晚会
大梦想家,,0.96,BV1cs411o7fK,TFBOYS 《大梦想家》,https://www.bilibili.com/video/BV1cs411o7fK,甜甜超快乐
大氿歌,,0.96,BV14b411b7Vr,洛天依，原创《大氿歌》  干了这碗酒，四海皆亲友,https://www.bilibili.com/video/BV14b411b7Vr,ilem
天仙配,,0.96,BV1jt411u7hP,【黄梅戏】《天仙配》片断· 树上的鸟儿成双对,https://www.bilibili.com/video/BV1jt411u7hP,Irenebene
天气之子,RADWIMPS Feat.三浦透子）》完整版MV公布！ 中国大陆即将于11月1日上映,0.96,BV1CE411a74Y,【RADWIMPS】《天气之子》片中曲『グランドエスケープ』完整版 MV【中字】,https://www.bilibili.com/video/BV1CE411a74Y,贴吧坦克君
太陽系デスコ,会BD原盘 自制中日双字幕 后期AE调教锐化+AI 4K渲染 太陽系デスコ(太阳系迪斯科)是由VOCALOID P主ナユタン星人于2017年1月20日投稿至niconico的原创歌曲,0.96,BV1Fr4y1v7v1,初音ミク「太陽系デスコ」4K60帧 中日双字,https://www.bilibili.com/video/BV1Fr4y1v7v1,静夏海风_沐云
失败,,0.96,BV1654y1k72Z,【中国BOY】Loser，一个辍学主播的“失败”人生,https://www.bilibili.com/video/BV1654y1k72Z,爱喝冰阔洛
她出去旅行,鎖那 我的网易云音乐ID是：永恒H子浩 有兴趣的可以关注我 最好,0.96,BV1ss411H7xS,彼女は旅に出る「她出去旅行」1080P『子浩转载』纯净享受向，很甜的一首歌，但诉说的却是失恋的故作淡定...,https://www.bilibili.com/video/BV1ss411H7xS,所思在远道Faraway
孤勇者,,0.96,BV1wr4y1y7nx,《孤勇者》（《英雄联盟：双城之战》动画剧集中文主题曲）,https://www.bilibili.com/video/BV1wr4y1y7nx,英雄联盟
孤独摇滚,,0.96,BV1PV4y1F7W7,《孤独摇滚》第12集『才不会忘记』纯享版,https://www.bilibili.com/video/BV1PV4y1F7W7,针不戳OAO
孤独摇滚,谷口鮪（KANA-BOON）編曲：三井律郎 字幕：@唯一的星愿 （非常感谢大佬！！！） 喜欢这首歌的话不妨关注一下长谷川育美呀~,0.96,BV1ng411h71y,【中日歌词】《孤独摇滚》ED「Distortion!!」,https://www.bilibili.com/video/BV1ng411h71y,長谷川育美Official
孤独摇滚！,,0.96,BV1314y1L7KZ,【𝟒𝐊 𝐁𝐃】「孤独摇滚！」NCED2《カラカラ》,https://www.bilibili.com/video/BV1314y1L7KZ,ZHY2020
寄明月2024,李懋扬 （T2o） 作曲：李懋扬（T2o） 编曲：纪粹希（G-Tracy） 演唱：乐正绫 调,0.96,BV1HJUUYNEB9,【乐正绫】《寄明月2024》|“将相思寄明月，期盼你能察觉”【原创PV付】,https://www.bilibili.com/video/BV1HJUUYNEB9,鬼面P
寄生兽 生命的准则,,0.96,BV1TPimYVEcF,《寄生兽 生命的准则》配乐「NEXT TO YOU」Ken Arai,https://www.bilibili.com/video/BV1TPimYVEcF,JLRS-jayfm
小镇姑娘,,0.96,BV1xC4y1T7zt,青春经典！陶喆《小镇姑娘》跨晚现场万人合唱【2023最美的夜】,https://www.bilibili.com/video/BV1xC4y1T7zt,陶喆的音乐产房
少年,,0.96,BV1De411p77r,梦然-《少年》官方版,https://www.bilibili.com/video/BV1De411p77r,大橘爱吃猫
平凡之路,,0.96,BV1bo4y1A7S9,【私藏馆】朴树《平凡之路》经典神作！我曾经跨过山和大海,https://www.bilibili.com/video/BV1bo4y1A7S9,音乐私藏馆
康康舞曲,,0.96,BV1xb41147Pw,央视珍藏｜《康康舞曲》指挥：马泽尔，奏：国家大剧院音乐厅管弦乐团,https://www.bilibili.com/video/BV1xb41147Pw,声乐学长
强风吹拂,SPACE SHOWER TV Keyboard & Machine：George (MOP of HEAD) Bass：Shige Murata (□□□) Drums：Satoshi (MOP of H,0.96,BV1Gy4y1q79F,【向井太一】《强风吹拂》ED リセット(Reset) Live~ 你喜欢跑步吗？,https://www.bilibili.com/video/BV1Gy4y1q79F,账号已注销
彻夜之歌,ured 【4K60帧】琴山《彻夜之歌》OP + ED AI修复补帧画质增强版 修复制作：TriaxFx OP（片头曲）：堕天 演唱：Creepy Nuts ED（片尾曲）：よふかしのうた 演唱：Creepy Nuts,0.96,BV1ag411f7Sx,【4K60帧】琴山《彻夜之歌》OP + ED AI修复补帧画质增强版,https://www.bilibili.com/video/BV1ag411f7Sx,KG-Area21
得过且过的勇者,,0.96,BV1Zb411j7vb,洛天依，言和 原创《得过且过的勇者》,https://www.bilibili.com/video/BV1Zb411j7vb,ilem
心灵之蛋,,0.96,BV1Yt6VYYEVA,【4K 60帧】守护甜心是你的初代日漫吗？铃木爱理《心灵之蛋》超甜现场【2024B站跨年晚会单品】,https://www.bilibili.com/video/BV1Yt6VYYEVA,哔哩哔哩晚会
忘记时间,,0.96,BV1oG4y1277L,【4K60FPS】胡歌《忘记时间》经典神曲！《仙剑奇侠传三》片尾曲,https://www.bilibili.com/video/BV1oG4y1277L,音乐私藏馆
怪物猎人,甲田雅人（Masato koda） 制谱：Andrés soto 演奏：帝玖管弦乐团,0.96,BV1c4411p7xR,【帝玖管弦乐团】《怪物猎人》主题音乐「英雄之证」,https://www.bilibili.com/video/BV1c4411p7xR,帝玖管弦乐团
总之就是非常可爱,由崎司),0.96,BV1hh41197vE,「总之就是非常可爱」OP+ED主题曲完整版【高音质】,https://www.bilibili.com/video/BV1hh41197vE,百億_光年
恋爱循环,《恋爱循环》,0.96,BV1Xx4115779,波多野结衣翻唱《恋爱循环》,https://www.bilibili.com/video/BV1Xx4115779,Dear---迪丽热巴
戏游九州,,0.96,BV1kP63Y3Eys,【4K 60帧】洛天依拜师学戏曲！陈丽君洛天依联袂演绎《戏游九州》【2024B站跨年晚会单品】,https://www.bilibili.com/video/BV1kP63Y3Eys,洛天依
我创故我在,,0.96,BV1es41127Tk,《我创故我在》央视公益,https://www.bilibili.com/video/BV1es41127Tk,蠡湖月晓
我只为自己而哭泣,Ami),0.96,BV1KdSmYyEyY,“我只为自己而哭泣”！Cry For Me (feat. Ami),https://www.bilibili.com/video/BV1KdSmYyEyY,饿了的白熊
我和你,,0.96,BV1qx411L73Z,当歌唱家没有了提词器 - 谭晶&戴玉强&莫华伦&魏松《我和你》 - 编词就成为日常,https://www.bilibili.com/video/BV1qx411L73Z,螺丝森林
我是大哥大,很带感~,0.96,BV1Xb411A7RW,【op】日剧《我是大哥大》片头曲《男人的勋章》,https://www.bilibili.com/video/BV1Xb411A7RW,一只葱尾酱
我的将军啊,Watch the Pacific 作曲：Flow Ethics 填词、原唱：半阳 翻唱：黑崎子 混音：dB音频工作室 PV：夏淮笙,0.96,BV14W411w7Ui,攻气高音《我的将军啊》Rap帅到炸裂——黑崎子,https://www.bilibili.com/video/BV14W411w7Ui,黑崎子
我的战争,,0.96,BV1r54y167jo,【12月/主题曲】进击的巨人 最终季 OP「我的战争」【1080P】,https://www.bilibili.com/video/BV1r54y167jo,夏日幻听
我的青春恋爱物语果然有问题,,0.96,BV14K411H71L,【PCS Anime/官方OP延长/季①】「我的青春恋爱物语果然有问题」【ユキトキ】官方OP1曲 雪融 春物 第一季  加长完整版 PCS Studio,https://www.bilibili.com/video/BV14K411H71L,PCS_Studio
我的青春恋爱物语果然有问题 续,,0.96,BV1Ta4y1e7CA,【PCS Anime/官方OP延长/季②】「我的青春恋爱物语果然有问题 续」【春擬き】官方OP2曲 春物 第二季 加长完整版 PCS Studio,https://www.bilibili.com/video/BV1Ta4y1e7CA,PCS_Studio
戸惑いテレパシー/困惑的心灵感应,,0.96,BV1og4y1i7KE,花譜　#56 「戸惑いテレパシー/困惑的心灵感应」 【オリジナルMV】,https://www.bilibili.com/video/BV1og4y1i7KE,花谱_kaf
打上花火,,0.96,BV1Kt411U7eq,真•正的《打上花火》听过没？,https://www.bilibili.com/video/BV1Kt411U7eq,点点唐He
打上花火,版,0.96,BV1kE411o7St,【音乐混剪】《打上花火》多人翻唱版,https://www.bilibili.com/video/BV1kE411o7St,关键我叫江江酱
打上花火,原唱: DAOKO 米津玄师 简介补充: 很多朋友喜欢《烟花》主题曲《打上花火》这首歌,0.96,BV1sW411Y78j,《打上花火》你有没有听过大合唱版本的？！,https://www.bilibili.com/video/BV1sW411Y78j,皮皮光本光
打上花火,！ 非常好听！喜欢的朋友,0.96,BV1Sx411V7jS,《打上花火》内地版MV,https://www.bilibili.com/video/BV1Sx411V7jS,皮皮光本光
把女儿嫁给我吧,,0.96,BV1PW411x7mC,传销现场，日本网红最强洗脑神曲《把女儿嫁给我吧》,https://www.bilibili.com/video/BV1PW411x7mC,教日语的欧尼桑
搁浅,会,0.96,BV1KA411H78W,【4K60P】《搁浅》有多难唱？听听未修音的周董唱得怎么样！无与伦比演唱会,https://www.bilibili.com/video/BV1KA411H78W,唉呦葛格
改变自己,,0.96,BV1Lt411h7cP,【Official MV】改变自己 - 王力宏  （《改变自己》2007）,https://www.bilibili.com/video/BV1Lt411h7cP,台湾金曲奖吧官方频道
改革春风吹满地,A路人 还没听够？指路：av2909020,0.96,BV1Et411H79x,英文版《改革春风吹满地》！！Chinese people so 牛逼！,https://www.bilibili.com/video/BV1Et411H79x,A路人
旗开得胜,的英文歌曲,0.96,BV1jG4y147ed,【4K珍藏】世界杯名曲《旗开得胜》！梦回那年夏天！,https://www.bilibili.com/video/BV1jG4y147ed,4K音乐馆
无声之鱼,,0.96,BV1mm411m7QA,【中日歌词/第三话插曲/完整版】哭泣少女乐队(闺泣) 「无声之鱼」TOGENASHI TOGEARI【无损音质】,https://www.bilibili.com/video/BV1mm411m7QA,Aki惊蛰
无涯,,0.96,BV1bx411E7vU,【一人之下OP】埋人神曲《无涯》,https://www.bilibili.com/video/BV1bx411E7vU,腾讯动漫
明天会更好,,0.96,BV1AK4y197GR,4K超高清 修复版 《明天会更好》1985  60位歌星大合唱~,https://www.bilibili.com/video/BV1AK4y197GR,神雕wlgq
星に駆られて,牧野忠義 制谱：弦上 演奏：帝玖管弦乐团 录音混音：陈彬彬 视频后期：京都青、洛晴羽,0.96,BV1mv411Y7to,【现场版】怪物猎人·世界Theme「星に駆られて」-帝玖管弦乐团2020北京场,https://www.bilibili.com/video/BV1mv411Y7to,帝玖管弦乐团
春夢,羽生まゐご（羽生迷子） 作词：羽生まゐご（羽生迷子） 编曲：羽生まゐご（羽生迷子） animation by banishment ================,0.96,BV1Ea411w7qV,May'n《春夢》Lyric Video,https://www.bilibili.com/video/BV1Ea411w7qV,Mayn_官方
普通DISCO,,0.96,BV1zs411S7sz,洛天依，言和原创《普通DISCO》,https://www.bilibili.com/video/BV1zs411S7sz,ilem
晴る/放晴,,0.96,BV1Uw41137CV,【夜鹿/OP2完整版/中日歌词】葬送的芙莉莲OP2「晴る/放晴」-ヨルシカ【Hi-Res】,https://www.bilibili.com/video/BV1Uw41137CV,Aki惊蛰
最伟大的作品,,0.96,BV1Ek4y1r7Rg,【4K修复】周杰伦 - 夜曲 MV 2160P修复版 新专辑《最伟大的作品》即将发行,https://www.bilibili.com/video/BV1Ek4y1r7Rg,zyl2012_音乐无限
月牙湾,,0.96,BV1Fs411B7Ek,《月牙湾》 MV （F.I.R.） 480P(720×480),https://www.bilibili.com/video/BV1Fs411B7Ek,光棱坦克驾驶员
有什么不好,,0.96,BV1jK411o7Q5,【中日歌词/完整版】孤独摇滚ED3「有什么不好」—結束バンド【孤独摇滚】,https://www.bilibili.com/video/BV1jK411o7Q5,Aki惊蛰
杀死比尔,,0.96,BV1uW411F7BD,最近很火的10首吹口哨歌曲！《杀死比尔》这段吹口哨最为经典！,https://www.bilibili.com/video/BV1uW411F7BD,bili_260480058
"来吧,甜蜜的死亡",,0.96,BV1Je4y1A7U8,"【黑胶试听】EVA限量橙汁胶「来吧,甜蜜的死亡」新世纪福音战士",https://www.bilibili.com/video/BV1Je4y1A7U8,ONES-RECORDS
极乐净土,,0.96,BV1QL41187Dt,【4K60FPS】GARNiDELiA《极乐净土》经典现场！那个女人回来了！,https://www.bilibili.com/video/BV1QL41187Dt,音乐私藏馆
梦幻,,0.96,BV1NJ4m1T7Km,【中日歌词/MFS/完整版OP】鬼灭之刃第四季OP「梦幻」MY FIRST STORY × HYDE【无损音质】,https://www.bilibili.com/video/BV1NJ4m1T7Km,Aki惊蛰
梦幻,MY FIRST STORY × HYDE,0.96,BV1qM4m1d7PP,【5月/主题曲/中日歌词】鬼灭之刃 第四季 OP「梦幻」MY FIRST STORY × HYDE【MCE汉化组】,https://www.bilibili.com/video/BV1qM4m1d7PP,夏日幻听MCE
梦的光点,会」,0.96,BV1J64y1D7Qs,【4K修复】王心凌《梦的光点》神兵小将！我追着梦的光点「2006No.1 庆功演唱会」,https://www.bilibili.com/video/BV1J64y1D7Qs,tAAAAAAAAAAo
楚乔传,,0.96,BV1Hx411a74Y,《楚乔传》正式版片尾《心之焰》,https://www.bilibili.com/video/BV1Hx411a74Y,胖颖飞刀
樱花樱花想见你,,0.96,BV1SV411k7dA,《樱花樱花想见你》原版MV,https://www.bilibili.com/video/BV1SV411k7dA,只是李子
欢迎来到虚拟公园,,0.96,BV1kZ4y1g799,HIMEHINA热力开场《欢迎来到虚拟公园》【BML-VR2020】,https://www.bilibili.com/video/BV1kZ4y1g799,BML制作指挥部
歌剧魅影,The Phantom Of The Opera,0.96,BV1vx411f7Qd,《歌剧魅影》多少人因为她爱上了音乐剧，震撼！,https://www.bilibili.com/video/BV1vx411f7Qd,嘟嘟卡拉丁
正因为是无法成为他人的我,,0.96,BV13p421X7Uz,【中日歌词/ED完整版】哭泣少女乐队 ED「正因为是无法成为他人的我」TOGENASHI TOGEARI【无损音质】,https://www.bilibili.com/video/BV13p421X7Uz,Aki惊蛰
此生不换,,0.96,BV1MY411W7Ai,【4K修复】青鸟飞鱼《此生不换》仙剑奇侠传版，你的青春回来啦！,https://www.bilibili.com/video/BV1MY411W7Ai,4K音乐馆
每天每天 / てねてね,鹿乃 https,0.96,BV1V64y19758,【鹿乃】社畜歌《 每天每天 / てねてね 》翻唱,https://www.bilibili.com/video/BV1V64y19758,鹿乃ちゃん
氪不氪以,,0.96,BV1vb41117o5,《氪不氪以》,https://www.bilibili.com/video/BV1vb41117o5,傲世子木
水手,,0.96,BV1nx411L7pX,25年后郑智化再次登台唱《水手》，前奏一响就泪奔，慢慢的都是回忆,https://www.bilibili.com/video/BV1nx411L7pX,女装的up才是好up
求佛,,0.96,BV1Ap4y1t7RD,【怀旧经典】誓言《求佛》超级王炸神曲！火遍大江南北的神曲！,https://www.bilibili.com/video/BV1Ap4y1t7RD,音乐私藏馆
河流,《河流》（Річка）（快节奏的lubov）（高清原版MV）,0.96,BV1EC4y1t7VD,【双语字幕】乌克兰歌曲：《河流》（Річка）（快节奏的lubov）（高清原版MV）,https://www.bilibili.com/video/BV1EC4y1t7VD,苏影俄音
活着,,0.96,BV1kT41157dC,万人合唱神曲《活着》！再听已是曲中人！,https://www.bilibili.com/video/BV1kT41157dC,4K音乐馆
流星,,0.96,BV11P4y1p7na,神龙拯救队之元气星魂NCOP《流星》,https://www.bilibili.com/video/BV11P4y1p7na,爱球球的程序员
流逝的生命,,0.96,BV1yb4y1r7sR,下半场首发！HIMEHINA实力献唱《流逝的生命》《相亲相爱Reflection》,https://www.bilibili.com/video/BV1yb4y1r7sR,BML制作指挥部
浪花一朵朵,,0.96,BV1FW411i71z,任贤齐/阿牛/光良-《浪花一朵朵》,https://www.bilibili.com/video/BV1FW411i71z,河原木白桃香肉多
海阔天空,,0.96,BV1Tq4y1778D,【4K60FPS】Beyond《海阔天空》神级现场！纪念黄家驹！,https://www.bilibili.com/video/BV1Tq4y1778D,音乐私藏馆
涉谷事变,,0.96,BV1jz4y1K7px,【4K画质/主题曲/中日歌词】咒术回战 第二季「涉谷事变」NCOP【MCE汉化组】,https://www.bilibili.com/video/BV1jz4y1K7px,夏日幻听MCE
淋雨一直走,张韶涵 填词：姚若龙 谱曲：Hermanni Kovalainen 、Ilanguaq Lumholt、Henrik Tala 编曲：DJ Mobster 本家链接：https,0.96,BV1R24y137bV,【洛天依AI】《淋雨一直走》【人都应该有梦、有梦就别怕痛】,https://www.bilibili.com/video/BV1R24y137bV,墙上不糊小泥巴
深夜诗人,,0.96,BV16s411Y7Si,洛天依，言和原创《深夜诗人》,https://www.bilibili.com/video/BV16s411Y7Si,ilem
清明上河图,,0.96,BV1W4411q7H2,【李玉刚自投稿】这次，《清明上河图》“锦”上添花,https://www.bilibili.com/video/BV1W4411q7H2,李玉刚
热爱105°C的你,【鹿乃】,0.96,BV1ES4y1X7yN,日语版《热爱105°C的你》翻唱【鹿乃】,https://www.bilibili.com/video/BV1ES4y1X7yN,鹿乃ちゃん
熙熙攘攘、我们的城市,,0.96,BV1ox4y1e71S,【中日歌词/OP完整版】哭泣少女乐队(闺泣)Girls Band Cry OP「熙熙攘攘、我们的城市」TOGENASHI TOGEARI【无损】,https://www.bilibili.com/video/BV1ox4y1e71S,Aki惊蛰
爱你,会现场 源文档提取制作,0.96,BV1a34y1E73C,【4K60FPS】王心凌《爱你》经典现场！她太可爱了,https://www.bilibili.com/video/BV1a34y1E73C,音乐私藏馆
爱情讯息,,0.96,BV1q77VzFEpS,郭静《爱情讯息》百万豪装录音棚大声听,https://www.bilibili.com/video/BV1q77VzFEpS,JLRS-LeoFM
爱错,的一首歌曲,0.96,BV1NfxMedEU6,王力宏《爱错》百万豪装录音棚大声听【Hi-res】,https://www.bilibili.com/video/BV1NfxMedEU6,JLRS-LeoFM
牵丝戏,会 作品类型: 原曲翻唱 原唱: 银临 Aki阿杰,0.96,BV19W411q7Fw,【李玉刚】 先生再唱《牵丝戏》，歌声委婉，戏腔惊艳，依旧好听到飞起,https://www.bilibili.com/video/BV19W411q7Fw,爱在地上行走的鱼
甜心格格,刘惜君）MV蓝光）,0.96,BV1Fb411C7gf,（《甜心格格》（快乐女孩）演唱:刘惜君）MV蓝光）,https://www.bilibili.com/video/BV1Fb411C7gf,SEGACorporation
生来倔强,,0.96,BV1Qx41137LT,南征北战《生来倔强》,https://www.bilibili.com/video/BV1Qx41137LT,Dear---迪丽热巴
畀啲钱我,,0.96,BV1nj411b7mA,【AI山田涼】财神到 - 许冠杰 / “畀啲钱我”,https://www.bilibili.com/video/BV1nj411b7mA,Foxtrot_ZeroOne
白鸟过河滩,,0.96,BV1wT4y1k7Pw,洛天依 原创《白鸟过河滩》,https://www.bilibili.com/video/BV1wT4y1k7Pw,ilem
百花繚乱,,0.96,BV1ZEEgzRE8f,【4K 120帧(FPS) Hi-Res无损音质MV】 药屋少女的呢喃 第二季 - OP「百花繚乱 」- 幾田りら【中日歌词】,https://www.bilibili.com/video/BV1ZEEgzRE8f,千夜伊冬
皆无其名,,0.96,BV1924y1A731,【中日歌词MV/第七话插曲/完整版】哭泣少女乐队(闺泣) 「皆无其名」TOGENASHI TOGEARI,https://www.bilibili.com/video/BV1924y1A731,Aki惊蛰
盗墓笔记·十年人间,。 录音设备： 话筒：Neumann M149 tube Pair 调音台：SSL Duality Delta Pro Station 工作站：PT 音箱：Barefoot MM12 [侵删],0.96,BV1824y1T7cD,在百万豪装录音棚大声听 李常超《盗墓笔记·十年人间》【Hi-res】,https://www.bilibili.com/video/BV1824y1T7cD,JLRS-LeoFM
直到世界的尽头,,0.96,BV19V411n7L3,【4K60FPS】上杉升、织田哲郎《直到世界的尽头》核爆现场！《灌篮高手》片尾曲！,https://www.bilibili.com/video/BV19V411n7L3,音乐私藏馆
相亲相爱,,0.96,BV1st4y1b7W4,听说这是山东省省歌？2009年全运会歌曲《相亲相爱》MV剪辑,https://www.bilibili.com/video/BV1st4y1b7W4,莊小乙
矛盾心理,,0.96,BV11w411772v,【Uru/中日歌词/OP2完整版】药屋少女的呢喃OP2「矛盾心理」Uru【Hi-Res】,https://www.bilibili.com/video/BV11w411772v,Aki惊蛰
神的随波逐流,,0.96,BV1uJ411879Y,原版《神的随波逐流》中文字幕【初音ミク、鏡音リン、GUMI】 神のまにまに 随神之侧,https://www.bilibili.com/video/BV1uJ411879Y,adamsmiles
神经病之歌,,0.96,BV1Ux411w7QM,洛天依，言和《神经病之歌》,https://www.bilibili.com/video/BV1Ux411w7QM,ilem
神话,,0.96,BV1gA411T73H,【4K修复】孙楠 韩红 - 美丽的神话 MV（电影《神话》插曲）,https://www.bilibili.com/video/BV1gA411T73H,时光音乐阁
神魄,,0.96,BV1QT4y1L7mJ,《神魄》主题曲《誓约》 1080p「中文」字幕 无水印,https://www.bilibili.com/video/BV1QT4y1L7mJ,鹿光_
禁忌的边界线,,0.96,BV1Z84y1M7dJ,【4K珍藏】gilili爱-《禁忌的边界线》！别拦我，我再吸一遍，就一遍！,https://www.bilibili.com/video/BV1Z84y1M7dJ,4K音乐馆
空白与宣泄,,0.96,BV1mz421b72E,【中日歌词MV/无损音质】哭泣少女乐队(闺泣) 「空白与宣泄」TOGENASHI TOGEARI【第11话插曲】,https://www.bilibili.com/video/BV1mz421b72E,Aki惊蛰
空箱,,0.96,BV1fx421S79u,【中日歌词/第一话插曲完整版】哭泣少女乐队(闺泣)Girls Band Cry 「空箱」TOGENASHI TOGEARI【无损】,https://www.bilibili.com/video/BV1fx421S79u,Aki惊蛰
简单爱,,0.96,BV1kt411A7mK,【4K修复】周杰伦《简单爱》MV 「我想就这样牵着你的手不放开」,https://www.bilibili.com/video/BV1kt411A7mK,zyl2012_音乐无限
红日,,0.96,BV1t741177zD,李克勤的《红日》的日文原版——《それが大事》,https://www.bilibili.com/video/BV1t741177zD,Lily万乡
约束之绊,e5dD9DDA,0.96,BV1hW411D7bu,境界的彼方《约束之绊》官方完整PV【 1080p】,https://www.bilibili.com/video/BV1hW411D7bu,X风雨X
经典老歌配上动画,,0.96,BV1St411o7zJ,【轻音少女】你是电！你是光！你是唯一的神话！「经典老歌配上动画」,https://www.bilibili.com/video/BV1St411o7zJ,科学超电磁炮F
绝不会忘记,,0.96,BV1pM41117Yr,【中日歌词/官方MV】「绝不会忘记」结束乐队／ TVアニメ「孤独摇滚」第12話劇中曲,https://www.bilibili.com/video/BV1pM41117Yr,Mikoi_
绿光,,0.96,BV1Bx411c7ES,《绿光》补完計画,https://www.bilibili.com/video/BV1Bx411c7ES,FCSMio
翻转岩石，晨光洒落你身,的是akg的歌！！ 和推特三年前的视频对上了,0.96,BV1nV4y1w74h,【中日歌词/完整版】孤独摇滚ED4「翻转岩石，晨光洒落你身」—結束バンド【孤独摇滚】,https://www.bilibili.com/video/BV1nV4y1w74h,Aki惊蛰
老人与海,,0.96,BV1LU4y1S7Ni,【4K60帧】「老人与海」完整版MV-【ヨルシカ】 超清丝滑完整版剪辑 极致视听体验！（CC中文字幕）,https://www.bilibili.com/video/BV1LU4y1S7Ni,木香花樹
老男孩,大橋卓弥,0.96,BV1cW411T76y,感受一下《老男孩》原曲《ありがとう》所带来的感动！,https://www.bilibili.com/video/BV1cW411T76y,落花不解伊人苦
耍 把 戏,,0.96,BV1wG411h7qk,《耍 把 戏》,https://www.bilibili.com/video/BV1wG411h7qk,wert樊
自由之翼,,0.96,BV1h8411x7MB,AMV《自由之翼》高昂的自由之翼，进击的巨人之心！ 中日德三语歌词完整版,https://www.bilibili.com/video/BV1h8411x7MB,狼群里的二哈_
舞池之实,,0.96,BV1Ua4y1H7AN,hanser奶音献唱《舞池之实》邀你一同起舞【BML-VR2020】,https://www.bilibili.com/video/BV1Ua4y1H7AN,BML制作指挥部
芒种,【花丸晴琉,0.96,BV1sJ411A7bD,日语版《芒种》翻唱【花丸晴琉/花寄女生宿舍】,https://www.bilibili.com/video/BV1sJ411A7bD,花丸晴琉Official
苍蓝所栖,,0.96,BV1hV411M7cN,【中日歌词/正式完整OP】咒术回战2 OP「苍蓝所栖」キタニタツヤ,https://www.bilibili.com/video/BV1hV411M7cN,Aki惊蛰
若能化作星座,,0.96,BV1u8411H7yA,【中日歌词/官方MV】「若能化作星座」结束乐队／ tvアニメ「孤独摇滚」第12話劇中曲,https://www.bilibili.com/video/BV1u8411H7yA,Mikoi_
莫愁乡,亞細亞曠世奇才 - 莫愁乡 翻唱：我,0.96,BV11bMizmEtL,在《莫愁乡》你可以放声大哭，不用假装坚强,https://www.bilibili.com/video/BV11bMizmEtL,果宝Official
菊花台,周杰伦 填词：方文山 谱曲：周杰伦 编曲：钟兴民 本家链接：https,0.96,BV1go4y1x7F3,【洛天依AI】《菊花台》【你的影子剪不断 徒留我孤单在湖面成双】,https://www.bilibili.com/video/BV1go4y1x7F3,墙上不糊小泥巴
葬歌,可能对应或不对应于角色。5.Powerpoint.6.睡吧。,0.96,BV1ts411S7KC,洛天依，言和原创《葬歌》,https://www.bilibili.com/video/BV1ts411S7KC,ilem
蒲公英的约定,,0.96,BV1z741167JW,周杰伦超经典现场《蒲公英的约定》颜值嗓音双巅峰,https://www.bilibili.com/video/BV1z741167JW,账号已注销27959
被燃到了！,,0.96,BV1iA4m157rr,“被燃到了！”—《The Phoenix》,https://www.bilibili.com/video/BV1iA4m157rr,云端音乐铺
视野一隅 腐朽之声,,0.96,BV1kJ4m1K7sw,【中日歌词/第五话插曲/完整版】哭泣少女乐队(闺泣) 「视野一隅 腐朽之声」TOGENASHI TOGEARI【无损音质】,https://www.bilibili.com/video/BV1kJ4m1K7sw,Aki惊蛰
账号已注销,洛天依ACE --------- ◇原唱：太一 ◇作曲,0.96,BV1hB4y1s7R3,《账号已注销》,https://www.bilibili.com/video/BV1hB4y1s7R3,SuyaOuO
赤伶,李建衡 编曲,0.96,BV1nJ411q7ZR,【赤羽x乐正绫】《赤伶》【炸裂戏腔】【原创剧情向pv附】,https://www.bilibili.com/video/BV1nJ411q7ZR,鲜洋芋
起风了,,0.96,BV1tp411d7ku,最近超火的神曲《起风了》日文原版,https://www.bilibili.com/video/BV1tp411d7ku,陆先生的胖头鹿
輪！ Moon！ dass！ cry！,,0.96,BV1j4411c7qK,【1080P】女高中生的虚度日常 主题曲OP「輪！ Moon！ dass！ cry！」田中望(赤﨑千夏)、菊池茜(戸松遥)、鷺宮しおり(豊崎愛生),https://www.bilibili.com/video/BV1j4411c7qK,TFY4869
轨迹,会,0.96,BV1dK4y1v7mg,【4K60P】周董《轨迹》最好听的版本！无与伦比演唱会,https://www.bilibili.com/video/BV1dK4y1v7mg,唉呦葛格
辉夜大小姐想让我告白？,,0.96,BV1JG6VYCEBZ,【4K 60帧】铃木爱理DADDY ! DADDY ! DO !《辉夜大小姐想让我告白？》可爱暴击【2024B站跨年晚会单品】,https://www.bilibili.com/video/BV1JG6VYCEBZ,哔哩哔哩晚会
达拉崩吧,时有一个特别的请求：涉及到的所有人名,0.96,BV1sx411k7ug,洛天依，言和 原创《达拉崩吧》,https://www.bilibili.com/video/BV1sx411k7ug,ilem
追梦赤子心,,0.96,BV1BX4y1c7gd,【4K60FPS】GALA《追梦赤子心》经典现场！永远热泪盈眶！,https://www.bilibili.com/video/BV1BX4y1c7gd,音乐私藏馆
那个乐队,,0.96,BV1B24y1C7FT,【中日歌词/完整版】「那个乐队」第八集live曲—結束バンド【孤独摇滚】,https://www.bilibili.com/video/BV1B24y1C7FT,Aki惊蛰
醉拳,的一首歌曲,0.96,BV1R54y1v78X,【成龙】《醉拳》国语版,https://www.bilibili.com/video/BV1R54y1v78X,微笑作祭
醉拳,,0.96,BV1Dp411R7r7,一歌一电影：《醉拳》粤语版，一首铿锵有力的歌曲，被人们哼唱至今,https://www.bilibili.com/video/BV1Dp411R7r7,一歌一电影
野狼disco,】,0.96,BV1BE411D7nL,奶音版《野狼disco》——【多多翻唱】,https://www.bilibili.com/video/BV1BE411D7nL,多多poi丶
鏡音鈴,,0.96,BV1R7411a7T6,「鏡音鈴」「Gimme×Gimme」 Sour式鏡音Rin×Sour式初音Miku[PV],https://www.bilibili.com/video/BV1R7411a7T6,pizacg
鏡音鈴,初音ミク wowaka https,0.96,BV1ZJ411S7Wn,「鏡音鈴」「Unknown Mother-Goose」Sour式鏡音Rin「MMD杯ZERO2」,https://www.bilibili.com/video/BV1ZJ411S7Wn,pizacg
间谍过家家,,0.96,BV17K421C7bm,【官方级/中日歌词】「间谍过家家」OP「SOUVENIR 纪念品」完整版MV - BUMP OF CHICKEN,https://www.bilibili.com/video/BV17K421C7bm,天体观测TentaiKansok
隐形的翅膀,张韶涵 填词：王雅君 谱曲：王雅君 风格：流行音乐 本家链接：http,0.96,BV1RL411k7rE,【洛天依AI】《隐形的翅膀》【用心凝望不害怕 哪里会有风就飞多远吧】,https://www.bilibili.com/video/BV1RL411k7rE,墙上不糊小泥巴
霜雪千年,洛天依 乐正绫 词,0.96,BV1zM4m1r7JS,【洛天依/乐正绫原创】《霜雪千年》2024官方重置版【PV付】,https://www.bilibili.com/video/BV1zM4m1r7JS,COPY
青鸟,,0.96,BV1vb411E75R,用唢呐吹神曲《青鸟》啥感觉？流氓乐器助威燃上加燃！中国唢呐外国无法超越！,https://www.bilibili.com/video/BV1vb411E75R,喵喵音乐台
领域展开，坐杀博徒,,0.96,BV1FC4y1d7hZ,“领域展开，坐杀博徒”||《All My People》,https://www.bilibili.com/video/BV1FC4y1d7hZ,橘子不是青柠
骑在银龙的背上,,0.96,BV1pE411Q7TQ,日本的国宝～中岛美雪-《骑在银龙的背上》,https://www.bilibili.com/video/BV1pE411Q7TQ,淮南一布衣
鬼灭之刃,动漫歌曲《紅蓮華》完整版】,0.96,BV1B54y1X7Ls,燃爆全场！LiSA首唱《鬼灭之刃》最燃神曲《紅蓮華》完整版~【最高音画质收藏】【老织首次现场激情演唱动漫歌曲《紅蓮華》完整版】,https://www.bilibili.com/video/BV1B54y1X7Ls,炽夏夜之心
魔女之旅,,0.96,BV1R54y1h79f,[4K画质首试] 完整版《魔女之旅》OP「リテラチュア」,https://www.bilibili.com/video/BV1R54y1h79f,AliceEinsfeil
鸽子,,0.96,BV1Bt411z799,洛天依，言和原创《鸽子》,https://www.bilibili.com/video/BV1Bt411z799,ilem
齊木楠雄的災難,,0.96,BV1zW411K7Q5,「齊木楠雄的災難」第二季 ED2 / Saiki Kusuo no Psi Nan S2 ED2,https://www.bilibili.com/video/BV1zW411K7Q5,kameyou-sskps
𝟒𝐊,北谷洋,0.96,BV1vN41127Br,「𝟒𝐊」原始人启动！布莱泽奥特曼主题曲《我们的光谱》正式完整版,https://www.bilibili.com/video/BV1vN41127Br,艾尔多兰Eldran
1 2 Fan Club,,0.89,BV1rD4y1c7ve,【4K超高清】1 2 Fan Club/いーあるふぁんくらぶ,https://www.bilibili.com/video/BV1rD4y1c7ve,SILVIA____
33娘,theme,0.89,BV1cb411L7Ma,33娘：什么叫B站横着走啊？！,https://www.bilibili.com/video/BV1cb411L7Ma,空耳狂魔
>,前方核能！男生超高音演唱aLIEz。感受一下男生的核爆嗓音吧,0.89,BV1dx411o7Y8,【LAOYE】前方核能！男生超高音演唱aLIEz。感受一下男生的核爆嗓音吧 —>,https://www.bilibili.com/video/BV1dx411o7Y8,LAOYE桑
Anamanaguchi,Miku ft. Hatsune Miku(Lyric Video),0.89,BV1vs411i7yS,Anamanaguchi - Miku ft. Hatsune Miku(Lyric Video),https://www.bilibili.com/video/BV1vs411i7yS,VOCALOID
bad guy,Billie Eilish(cover by J.Fla )(中英字幕),0.89,BV1r441137ve,【油管惊艳翻唱】bad guy - Billie Eilish(cover by J.Fla )(中英字幕),https://www.bilibili.com/video/BV1r441137ve,EdisonXxu
Beyond,不再犹豫 1991演唱会现场版,0.89,BV16s411U7Qk,Beyond-不再犹豫 1991演唱会现场版[K2HD高音质],https://www.bilibili.com/video/BV16s411U7Qk,李肖雅
China,X(Extended Mix),0.89,BV1dx411e7yY,【徐梦圆】China-X(Extended Mix)【现场版】,https://www.bilibili.com/video/BV1dx411e7yY,我是爱音乐的徐梦圆
DECO*27,テレパシ feat. 初音ミク,0.89,BV1cZw9eDERz,DECO*27 - テレパシ feat. 初音ミク,https://www.bilibili.com/video/BV1cZw9eDERz,DECO27_Official
DECO*27,Monitoring (Best Friend Remix) feat. Hatsune Miku,0.89,BV1JThqzwEGq,DECO*27 - Monitoring (Best Friend Remix) feat. Hatsune Miku,https://www.bilibili.com/video/BV1JThqzwEGq,DECO27_Official
DECO*27,モニタリング feat. 初音ミク,0.89,BV1qDUPYKEzf,DECO*27 - モニタリング feat. 初音ミク,https://www.bilibili.com/video/BV1qDUPYKEzf,DECO27_Official
DECO*27,妄想感伤代偿联盟 feat. 初音未来V4C,0.89,BV1gx411u76u,DECO*27 - 妄想感伤代偿联盟 feat. 初音未来V4C,https://www.bilibili.com/video/BV1gx411u76u,DECO27_Official
DECO*27,爱言叶Ⅲ feat. 初音未来,0.89,BV1VW41127aW,DECO*27 - 爱言叶Ⅲ feat. 初音未来,https://www.bilibili.com/video/BV1VW41127aW,DECO27_Official
DECO*27,愛言葉Ⅳ feat. 初音未来,0.89,BV1u54y1f7mY,DECO*27 - 愛言葉Ⅳ feat. 初音未来,https://www.bilibili.com/video/BV1u54y1f7mY,DECO27_Official
DECO*27,状態異常彼女 feat.初音ミク,0.89,BV1fP4y1N7fV,DECO*27-状態異常彼女 feat.初音ミク,https://www.bilibili.com/video/BV1fP4y1N7fV,路人飞扬
DECO*27,ジレンマ feat. 初音ミク,0.89,BV11r4y1z7tr,DECO*27 - ジレンマ feat. 初音ミク,https://www.bilibili.com/video/BV11r4y1z7tr,DECO27_Official
DECO*27,ポジティブ・パレード feat. 初音未来,0.89,BV1tJ411E7Yu,DECO*27 - ポジティブ・パレード feat. 初音未来,https://www.bilibili.com/video/BV1tJ411E7Yu,DECO27_Official
DECO*27,シンデレラ feat. 初音ミク,0.89,BV1yQ4y1f71U,DECO*27 - シンデレラ feat. 初音ミク,https://www.bilibili.com/video/BV1yQ4y1f71U,DECO27_Official
DECO*27,おじゃま虫Ⅱ feat. 初音ミク,0.89,BV1ny4y1M7Rs,DECO*27 - おじゃま虫Ⅱ feat. 初音ミク,https://www.bilibili.com/video/BV1ny4y1M7Rs,DECO27_Official
DECO*27,ヴァンパイア feat. 初音ミク,0.89,BV1by4y187EM,DECO*27 - ヴァンパイア feat. 初音ミク,https://www.bilibili.com/video/BV1by4y187EM,DECO27_Official
DECO*27,乙女解剖 feat. 初音未来,0.89,BV1Vt411H7j8,DECO*27 - 乙女解剖 feat. 初音未来,https://www.bilibili.com/video/BV1Vt411H7j8,DECO27_Official
DECO_27,乙女解剖,0.89,BV12J41137AA,【绊爱】DECO_27 - 乙女解剖【翻唱】,https://www.bilibili.com/video/BV12J41137AA,AIChannel官方
Fate,,0.89,BV17h411v7Qu,【4K】Fate/Zero OP2 to the beginning 完整版,https://www.bilibili.com/video/BV17h411v7Qu,只是观而已
FATE,EMIYA,0.89,BV1ks41197q7,【ZYL】FATE-EMIYA,https://www.bilibili.com/video/BV1ks41197q7,Z.Y.L
Free Bird,Lynyrd Skynyrd,0.89,BV18e41137dA,【4K·HDR·Hi-Res】Free Bird - Lynyrd Skynyrd,https://www.bilibili.com/video/BV18e41137dA,猫哥_CATBRO
HoneyWorks 『想变得可爱,】,0.89,BV1tJ411m7Wh,【绊爱】HoneyWorks 『想变得可爱—成海聖奈（CV：雨宮天）【翻唱】,https://www.bilibili.com/video/BV1tJ411m7Wh,AIChannel官方
JUMP UP,DECO*27 feat. 初音未来,0.89,BV1nA411F762,JUMP UP / DECO*27 feat. 初音未来,https://www.bilibili.com/video/BV1nA411F762,初音未来_Crypton
Kizuna AI,AIAIAI (feat. 中田ヤスタカ),0.89,BV1cb411s7U4,Kizuna AI - AIAIAI (feat. 中田ヤスタカ)【Official Music Video】,https://www.bilibili.com/video/BV1cb411s7U4,AIChannel官方
LBI利比,小城夏天『橘黄色的日落 吞没在海平线』,0.89,BV1Ae4y1R7re,LBI利比-小城夏天『橘黄色的日落 吞没在海平线』,https://www.bilibili.com/video/BV1Ae4y1R7re,北京杂货店的猫
Linkin Park,,0.89,BV1nJ411H7ou,Linkin Park - Numb（画质修复）,https://www.bilibili.com/video/BV1nJ411H7ou,闯进狼群的羊
loser日中字幕现场版,八爷,0.89,BV18J411i7A9,【米津玄师/live/LOSER】loser日中字幕现场版-八爷：来，跟我一起摇滚~！,https://www.bilibili.com/video/BV18J411i7A9,はち_hachi
Love Confession,中日双语翻唱<<告白气球,0.89,BV1uE411Q7uc,中日双语翻唱<<告白气球-Love Confession->>翻唱【鹿乃】,https://www.bilibili.com/video/BV1uE411Q7uc,鹿乃ちゃん
Mantra Hujan（雨天魔咒）,Kobo Kanaeru,0.89,BV1WP4y1M76P,【原创曲MV/熟】Mantra Hujan（雨天魔咒） - Kobo Kanaeru 【HoloID Gen03】,https://www.bilibili.com/video/BV1WP4y1M76P,浦川实Offical
MC九局,刀山火海,0.89,BV16s411t7HS,MC九局-刀山火海,https://www.bilibili.com/video/BV16s411t7HS,六道面筋
Melt,,0.89,BV1h7411k7HB,【神楽めあ×湊あくあ】Melt / メルト【原创PV付】,https://www.bilibili.com/video/BV1h7411k7HB,MeAqua动画制作委员会
MOTTAI,,0.89,BV1eT41137WH,【MV】MOTTAI /Ｐ丸様。(p_ma_ru),https://www.bilibili.com/video/BV1eT41137WH,p_ma_ru
Mozart(莫扎特),土耳其进行曲,0.89,BV1mW411P7vk,【特效钢琴】 Mozart(莫扎特) - 土耳其进行曲,https://www.bilibili.com/video/BV1mW411P7vk,沙贝_ShaBae
MYTH & ROID,STYX HELIX,0.89,BV15s411i7zN,【Re：从零开始的异世界生活 完整ED】MYTH & ROID - STYX HELIX【中日歌词】,https://www.bilibili.com/video/BV15s411i7zN,我丶好期待
Never Gonna Give You Up,Rick Astley,0.89,BV1GJ411x7h7,【官方 MV】Never Gonna Give You Up - Rick Astley,https://www.bilibili.com/video/BV1GJ411x7h7,索尼音乐中国
Next To You,Ken Arai,0.89,BV1Vx411N7VR,【完整版】Next To You - Ken Arai,https://www.bilibili.com/video/BV1Vx411N7VR,美味芝麻酱
Numb (官方MV 4K修复版),Linkin Park,0.89,BV1Mm4y1k7We,【林肯公园 | B站首发】Numb (官方MV 4K修复版) - Linkin Park,https://www.bilibili.com/video/BV1Mm4y1k7We,LinkinPark
OP,Only My Railgun完整版,0.89,BV1os411D7be,【某科学的超电磁炮】OP - Only My Railgun完整版,https://www.bilibili.com/video/BV1os411D7be,-_-习习-_-
Revenge,歌曲】Revenge-复仇（带感,0.89,BV1Ms411B71k,【Minecraft歌曲】Revenge-复仇（带感，好听，抖腿）,https://www.bilibili.com/video/BV1Ms411B71k,我的世界精灵
S T A Y,勺,0.89,BV1nU4y1j7Zj,S T A Y / 勺,https://www.bilibili.com/video/BV1nU4y1j7Zj,勺Shaun
Sign,Flow,0.89,BV1Tt41197QJ,【火影忍者 疾风传 OP6】Sign-Flow,https://www.bilibili.com/video/BV1Tt41197QJ,Lllinois
sweets parade,翻唱,0.89,BV1Se4y1S7GR,【YuNi】sweets parade/翻唱,https://www.bilibili.com/video/BV1Se4y1S7GR,YuNi_Official
The XX,Intro 现场,0.89,BV16x41127T1,The XX-Intro 现场,https://www.bilibili.com/video/BV16x41127T1,三位一体Trine
Turtles (乌龟组合),Bingo,0.89,BV1KU4y147Ky,Turtles (乌龟组合) - Bingo - Music Camp 超清现场 - 20050115,https://www.bilibili.com/video/BV1KU4y147Ky,百里菖蒲
Unity,,0.89,BV1R54y1n7wh,【TheFatRat】Unity: 听说这首歌曾血洗B站？原曲来了,https://www.bilibili.com/video/BV1R54y1n7wh,肥鼠_TheFatRat
Wake (Live 中英字幕),Hillsong Young & Free,0.89,BV19s411171R,Wake (Live 中英字幕) - Hillsong Young & Free,https://www.bilibili.com/video/BV19s411171R,轰·爆·心跳
What Makes You Beautiful,One Direction,0.89,BV1CJ411s7wo,What Makes You Beautiful - One Direction,https://www.bilibili.com/video/BV1CJ411s7wo,索尼音乐中国
┗,shito ■作詞：shi,0.89,BV1pW411x79P,┗|∵|┓【CHiCO with HoneyWorks】我的偶像宣言,https://www.bilibili.com/video/BV1pW411x79P,羊小星
『转生史莱姆日记』第五话插曲 完整版带歌词,ヨイハナビ Yoi Hanabi,0.89,BV1SU4y1G75x,『转生史莱姆日记』第五话插曲 完整版带歌词 - ヨイハナビ Yoi Hanabi,https://www.bilibili.com/video/BV1SU4y1G75x,黑貓的野望
〖Hololive 中文│Gura 唱歌 Sing〗Kung Fu Fighting (中文字幕 Lyrics),Carl Douglas,0.89,BV1dd4y1Q7Yo,〖Hololive 中文│Gura 唱歌 Sing〗Kung Fu Fighting (中文字幕 Lyrics) - Carl Douglas,https://www.bilibili.com/video/BV1dd4y1Q7Yo,爱听歌的烤鲨君
おねがいダーリン,翻唱,0.89,BV1Le411j7Am,【YuNi】おねがいダーリン/翻唱,https://www.bilibili.com/video/BV1Le411j7Am,YuNi_Official
なんでもないや,没什么大不了,0.89,BV1Dt411W7qN,【你的名字ED/4K/60FPS】-なんでもないや/没什么大不了,https://www.bilibili.com/video/BV1Dt411W7qN,加载超时请稍后
シル・ヴ・プレジデント（如果我成为大统领）日文版,,0.89,BV1H5411P7Tm,【代表作】【ＭＶ】シル・ヴ・プレジデント（如果我成为大统领）日文版 /Ｐ丸様。（p_ma_ru）【ナナホシ管弦楽団】,https://www.bilibili.com/video/BV1H5411P7Tm,p_ma_ru
ツユ,,0.89,BV1t54y1Z7v5,ツユ - ロックな君とはお別れだ MV,https://www.bilibili.com/video/BV1t54y1Z7v5,TUYU_official
テトリス,,0.89,BV1GADYYmEnd,テトリス / 重音テトSV,https://www.bilibili.com/video/BV1GADYYmEnd,柊マグネタイト
トウキョウ・シャンディ・ランデヴ,MAISONdes,0.89,BV13g41167TS,"【中日字幕】[feat. 花譜, ツミキ] トウキョウ・シャンディ・ランデヴ / MAISONdes",https://www.bilibili.com/video/BV13g41167TS,神椿音乐站
ファンサ『Fan Service』,HoneyWorks ◆吉他：中西 ◆贝斯：shito ◆钢琴：宇都圭輝 ◆鼓：樋口幸佑 ◆弦乐编曲：堤 博明 ◆弦乐：門脇大輔ストリングス ■动画：モゲラッタ 告白实行委员会～偶像系列～ HP:http,0.89,BV1Bh4y1s7Lv,【MV】ファンサ『Fan Service』／mona(CV：夏川椎菜)【HoneyWorks】,https://www.bilibili.com/video/BV1Bh4y1s7Lv,HoneyWorks
ミックスナッツ,Mixed Nuts,0.89,BV1jY4y1p7BP,【中字4KMV】ミックスナッツ - Mixed Nuts - 间谍过家家OP - Official髭男dism,https://www.bilibili.com/video/BV1jY4y1p7BP,UnOfficial髭男dism
メズマライザー,,0.89,BV15J4m1A7qy,【官方投稿】メズマライザー / 初音ミク・重音テトSV,https://www.bilibili.com/video/BV15J4m1A7qy,Satsukiサツキ
ラムジ (Lambsey),PLANET,0.89,BV1mW41147ko,【行星】ラムジ (Lambsey) - PLANET【中日歌词】,https://www.bilibili.com/video/BV1mW41147ko,一缕温阳
ロキ,Roki feat.镜音铃・Mikito P,0.89,BV1AW411t7Dx,【原创PV】ロキ／Roki feat.镜音铃・Mikito P 【Mikito P】,https://www.bilibili.com/video/BV1AW411t7Dx,みきとP_mikitoP
乙女解剖,,0.89,BV1y4411M7JK,乙女解剖 · 晃啊晃~摇啊摇~【小初音工作室】,https://www.bilibili.com/video/BV1y4411M7JK,Transparent-R
亡灵序曲,史上最给力最震撼版,0.89,BV1bx411D7DY,【高清重制】亡灵序曲-史上最给力最震撼版,https://www.bilibili.com/video/BV1bx411D7DY,诺森德之巅
人参赢家,,0.89,BV1et411v7C8,【尼禄药丸】人参赢家：太好了，我又遇到你了,https://www.bilibili.com/video/BV1et411v7C8,约谈人参
兔子洞 🐰🕳（动画,,0.89,BV1nF4m1M7wB,【中日歌词】兔子洞 🐰🕳（动画：channel）,https://www.bilibili.com/video/BV1nF4m1M7wB,Klta_卡
再过20年也是好歌 原唱,詹雯婷 F.I.R.,0.89,BV11s4y1o7AD,再过20年也是好歌【泠鸢翻唱-月牙湾】原唱：詹雯婷 F.I.R.,https://www.bilibili.com/video/BV11s4y1o7AD,泠鸢yousa
冰花新歌,Flight Mode 音质调整,0.89,BV1ZJzhB7EMN,【漫威争锋】 冰花新歌-Flight Mode 音质调整,https://www.bilibili.com/video/BV1ZJzhB7EMN,ProRyu
凉宫春日的忧郁 SOS团舞 ハレ晴レユカイ,晴天好心情,0.89,BV13y4y1p7wr,【4K60FPS】凉宫春日的忧郁 SOS团舞 ハレ晴レユカイ / 晴天好心情,https://www.bilibili.com/video/BV13y4y1p7wr,JPL兔叽
刘聪,女声翻唱聪别四句封神曲 Lonely Dance 盛宇,0.89,BV18N4y177LX,【隆里电丝】女声翻唱聪别四句封神曲 Lonely Dance 盛宇/刘聪/ICE,https://www.bilibili.com/video/BV18N4y177LX,金蒸蒸
初音,有何不可 演唱：初音 调混：初赫兹 背景图片p站id=63450144 祝miku生日快乐。 miku酱,0.89,BV1Yw411S7Rg,【有何不可】初音：为你唱这首歌，没有什么风格。,https://www.bilibili.com/video/BV1Yw411S7Rg,夜雨_yrsm
初音天地开辟神话,cosMo@暴走P feat. 初音未来,0.89,BV1464y1e7VT,【MAGICAL MIRAI 2021】初音天地开辟神话 / cosMo@暴走P feat. 初音未来,https://www.bilibili.com/video/BV1464y1e7VT,初音未来_Crypton
初音未来 メルト,Melt,0.89,BV1UQ4y1M7wa,初音未来 メルト/Melt【60帧演唱会版】,https://www.bilibili.com/video/BV1UQ4y1M7wa,万华镜的米卢
勾指起誓(日语版),伊莉雅ver,0.89,BV1oY4y1Q7Yv,勾指起誓(日语版)-伊莉雅ver,https://www.bilibili.com/video/BV1oY4y1Q7Yv,账号已注销
北十字星,,0.89,BV16a411s7ur,【超时空要塞40周年合唱】北十字星——女武神×雪莉露,https://www.bilibili.com/video/BV16a411s7ur,次元团
千里邀月（人声本家,泠鸢yousa、茶理理、hanser、三无 作曲：纯白P 作词：千月兔 二胡：陆二胡 笛子：水玥兒 曲绘：井寒子 映像：系豆沙 混音：Irecorder,0.89,BV15t411Q776,【鸢×茶×憨×三】千里邀月（人声本家·原创曲）,https://www.bilibili.com/video/BV15t411Q776,泠鸢yousa
原版,区真的不是UP的锅,0.89,BV1js411U7mR,【牵丝戏】原版 - 银臨&Aki阿杰,https://www.bilibili.com/video/BV1js411U7mR,木槿清廉
周杰伦,本草纲目 Flac无损音质封装！,0.89,BV1dr4y1A7Yg,【4K顶级修复】周杰伦 - 本草纲目 MV Flac无损音质封装！,https://www.bilibili.com/video/BV1dr4y1A7Yg,唯一8090
周杰伦,烟花易冷 Flac无损音质封装！,0.89,BV1Yf4y1J7Ek,【4K修复】周杰伦 - 烟花易冷 MV Flac无损音质封装！,https://www.bilibili.com/video/BV1Yf4y1J7Ek,唯一8090
周杰伦,以父之名MV 高清1080p,0.89,BV1Xx411V7mb,周杰伦-以父之名MV  高清1080p,https://www.bilibili.com/video/BV1Xx411V7mb,九层妖塔不好看
周杰伦,晴天MV 2160P修复版,0.89,BV1d4411N7zD,【4K修复】周杰伦 - 晴天MV 2160P修复版,https://www.bilibili.com/video/BV1d4411N7zD,zyl2012_音乐无限
周杰伦,花海MV 2160P修复版,0.89,BV1iJ411e7ZH,【4K修复】周杰伦 - 花海MV 2160P修复版,https://www.bilibili.com/video/BV1iJ411e7ZH,zyl2012_音乐无限
周杰伦,青花瓷MV 2160P修复版 经典中国风,0.89,BV1r7411p7R4,【4K修复】周杰伦 - 青花瓷MV 2160P修复版 经典中国风,https://www.bilibili.com/video/BV1r7411p7R4,zyl2012_音乐无限
周杰伦,稻香 原版MV,0.89,BV1tx411p7hy,【回到最初的美好】 周杰伦-稻香 原版MV,https://www.bilibili.com/video/BV1tx411p7hy,冒险王中王
周杰伦 费玉清,千里之外 2160P修复版,0.89,BV1JB4y1H74o,【4K修复 中国风神曲】周杰伦 费玉清 - 千里之外 MV 2160P修复版,https://www.bilibili.com/video/BV1JB4y1H74o,zyl2012_音乐无限
周杰伦）,稻香 Jpn. ver（cover,0.89,BV1u4411n7gi,【初音ミク】稻香 Jpn. ver（cover：周杰伦）【水琹P】,https://www.bilibili.com/video/BV1u4411n7gi,水琹P
命運石之門 TV OP Hacking to the Gate (爷青回系列) AI (MAD,いとうかなこ 作词： 志倉千代丸 作曲： 志倉千代丸,0.89,BV16A4y1R7iJ,命運石之門 TV OP Hacking to the Gate (爷青回系列) AI 4K (MAD·AMV) (Steins;Gate シュタインズ・ゲー),https://www.bilibili.com/video/BV16A4y1R7iJ,沙理戰-動漫遊戲頻道-
地球大爆炸（ちきゅう大爆発）,,0.89,BV1pR4y1W7M7,【MV】地球大爆炸（ちきゅう大爆発）／P丸様。（p_ma_ru),https://www.bilibili.com/video/BV1pR4y1W7M7,p_ma_ru
境界線(边界线),amazarashi 音乐分享,0.89,BV1Rg411W7qB,[4K Hi-Res] 境界線(边界线)-amazarashi [24bit/48kHz] 音乐分享,https://www.bilibili.com/video/BV1Rg411W7qB,FlyingTiercel
外国人看中国歌曲 评论翻译,,0.89,BV1VW411y7zE,外国人看中国歌曲【筷子兄弟—父亲】 评论翻译：哭得停不下了！,https://www.bilibili.com/video/BV1VW411y7zE,空格魂
屠洪刚,精忠报国,0.89,BV11x411c7zV,屠洪刚-精忠报国,https://www.bilibili.com/video/BV11x411c7zV,空之相簿2
广寒宫 官方版,丸子呦 (1080P),0.89,BV1C4411g7xX,广寒宫 官方版 - 丸子呦 (1080P),https://www.bilibili.com/video/BV1C4411g7xX,利是喵
庾澄庆,春泥,0.89,BV1wx411v7wm,庾澄庆 - 春泥,https://www.bilibili.com/video/BV1wx411v7wm,谢阳DM
彼女は旅に出る,鎖那,0.89,BV1fy4y1B7yQ,彼女は旅に出る / 鎖那,https://www.bilibili.com/video/BV1fy4y1B7yQ,鎖那_official
德国儿歌Heäschenlied,Schnuffel,0.89,BV1kM411s7xp,德国儿歌Heäschenlied—Schnuffel,https://www.bilibili.com/video/BV1kM411s7xp,苏洛离Solakli
新,九九八十一,0.89,BV1Yx411n7pR,【取经计划·原创】新·九九八十一【泠鸢】,https://www.bilibili.com/video/BV1Yx411n7pR,泠鸢yousa
新补完神曲,林原惠美,0.89,BV1KM4y1V7Tt,【EVA:终】新补完神曲：林原惠美—『VOYAGER ～日付のない墓標 』,https://www.bilibili.com/video/BV1KM4y1V7Tt,RedKnight-TG
早見沙織）,可愛くてごめん 『很抱歉我这么可爱』feat. ちゅーたん（CV,0.89,BV1iy4y1Z7Ri,可愛くてごめん 『很抱歉我这么可爱』feat. ちゅーたん（CV：早見沙織）／HoneyWorks,https://www.bilibili.com/video/BV1iy4y1Z7Ri,HoneyWorks
星野源,喜劇 ( ),0.89,BV1a34y1h74C,【官方】星野源 – 喜劇 (Official Video),https://www.bilibili.com/video/BV1a34y1h74C,星野源
有点甜,Kobo,0.89,BV1vN4y1776R,【Kobo中文歌切熟】有点甜 - Kobo,https://www.bilibili.com/video/BV1vN4y1776R,浦川实Offical
歌行四方,AI歌手X非遗音乐,0.89,BV1Yp4y1j7jX,【洛天依游学记原创曲】歌行四方 | AI歌手X非遗音乐,https://www.bilibili.com/video/BV1Yp4y1j7jX,洛天依
残酷な天使のテーゼ,新世纪福音战士,0.89,BV1Xe4y1n7EL,【YuNi】残酷な天使のテーゼ/新世纪福音战士/翻唱,https://www.bilibili.com/video/BV1Xe4y1n7EL,YuNi_Official
油管转发150万视频,,0.89,BV1eb411W7Xt,"油管转发150万视频：两小孩用口技还原小马丁的animals,在网易云找到了!",https://www.bilibili.com/video/BV1eb411W7Xt,别白给了呀
洛天依&HoneyWorks,,0.89,BV1pX4y1a7Cd,洛天依&HoneyWorks| Ah~今天一定要传递爱意，好きなんです 【恋爱色魔法】,https://www.bilibili.com/video/BV1pX4y1a7Cd,洛天依
深海少女,deep sea girl,0.89,BV1rM411U7T8,【初音ミク】深海少女 -deep sea girl-【ゆうゆ】,https://www.bilibili.com/video/BV1rM411U7T8,阿赫official
火影忍者疾风传OP6 版 FLOW,Sign,0.89,BV1hN411S7MZ,【4K双字】火影忍者疾风传OP6【THE FIRST TAKE】版  FLOW—Sign,https://www.bilibili.com/video/BV1hN411S7MZ,Stars君
火影忍者鸣人传OP8『Re,FLOW,0.89,BV1mW4y1F71h,【4K/中日歌词】火影忍者鸣人传OP8『Re:member』,https://www.bilibili.com/video/BV1mW4y1F71h,JPL兔叽
灰姑娘,OTOIRO Director: ぬヴェントス Art Director: DMYM,0.89,BV1Pb4y14761,【自己解释PV】灰姑娘/初音ミク【利波 雷】,https://www.bilibili.com/video/BV1Pb4y14761,妄想Delusions
熟悉吗？神兵小将,梦的光点,0.89,BV1vW41177zE,熟悉吗？神兵小将——梦的光点,https://www.bilibili.com/video/BV1vW41177zE,Royal丶Gay
狮子座,,0.89,BV1HS4y1A7ro,【超时空要塞40周年合唱】狮子座——女武神×兰卡×雪莉露,https://www.bilibili.com/video/BV1HS4y1A7ro,次元团
献给历久弥新的中华戏曲,戏游九州,0.89,BV1HWkwYWETx,献给历久弥新的中华戏曲｜戏游九州,https://www.bilibili.com/video/BV1HWkwYWETx,洛天依
百万级装备试听 Fire,Gavin DeGraw,0.89,BV1Qm4y1C7sA,百万级装备试听 Fire - Gavin DeGraw【Hi-Res】,https://www.bilibili.com/video/BV1Qm4y1C7sA,JLRS日落fm
目击！Teto31世,はろける・HALLO CEL）,0.89,BV1No1MBjErV,【重音/雨衣/授权代发/中译版】目击！Teto31世/目撃！テト31世🎉🎃🧟（BY：はろける・HALLO CEL）,https://www.bilibili.com/video/BV1No1MBjErV,苏维埃冰棺中的伊利亚
神的随波逐流,中文版,0.89,BV1yx411P71w,【泠鸢·填词】神的随波逐流-中文版【神的自我催眠= =b】,https://www.bilibili.com/video/BV1yx411P71w,泠鸢yousa
禁忌边界线,,0.89,BV1qN4y137PQ,【超时空要塞40周年合唱】禁忌边界线——女武神×兰卡×雪莉露,https://www.bilibili.com/video/BV1qN4y137PQ,次元团
稲葉曇『ラグトレイン』Vo. 歌愛ユキ,稻叶昙,0.89,BV1fK4y1s7Qf,稲葉曇『ラグトレイン』Vo. 歌愛ユキ / 稻叶昙- Lagtrain (Vo. 歌爱雪),https://www.bilibili.com/video/BV1fK4y1s7Qf,稲葉曇
糖果饼干巧克力,重音テトSV,0.89,BV1f3CrYfEVA,【中日字幕/はろける】糖果饼干巧克力/キャンディークッキーチョコレート - feat. 重音テトSV,https://www.bilibili.com/video/BV1f3CrYfEVA,かた方
紫罗兰永恒花园 OP 完整版MAD Sincerely,TRUE 中日英三语字幕,0.89,BV1Qt411e7KB,紫罗兰永恒花园 OP 完整版MAD   Sincerely  ／ TRUE　中日英三语字幕,https://www.bilibili.com/video/BV1Qt411e7KB,超级挑食的阿呆
老男孩,筷子兄弟,0.89,BV19x411n7qK,老男孩——筷子兄弟,https://www.bilibili.com/video/BV19x411n7qK,走吧去环游世界
自我介绍歌,鹿乃,0.89,BV1Gt411F7LW,自我介绍歌 -鹿乃-【MusicVideo】,https://www.bilibili.com/video/BV1Gt411F7LW,鹿乃ちゃん
自言自语(埃罗芒阿老师),模仿纱雾的声音翻唱OP,0.89,BV1Bx411a75Y,模仿纱雾的声音翻唱OP-自言自语(埃罗芒阿老师),https://www.bilibili.com/video/BV1Bx411a75Y,hanser
花泽香菜~恋爱循环,演唱会上宅男的怒吼,0.89,BV15W411B71W,花泽香菜~恋爱循环-演唱会上宅男的怒吼,https://www.bilibili.com/video/BV15W411B71W,耳东水木目
莫斯科,Moskau,0.89,BV1Bt411A7RB,【中文字幕】莫斯科·Moskau,https://www.bilibili.com/video/BV1Bt411A7RB,bili_397463422
蔡依林,日不落,0.89,BV1fa411m7v3,【4K修复】蔡依林 - 日不落 MV,https://www.bilibili.com/video/BV1fa411m7v3,舒言星
蔡依林,说爱你,0.89,BV1La4y1t7Wv,【1080P修复】蔡依林 - 说爱你,https://www.bilibili.com/video/BV1La4y1t7Wv,LemoStudio
许嵩）,有何不可 Jpn. ver(cover,0.89,BV1nE411u7A2,【初音ミク】有何不可 Jpn. ver(cover：许嵩）【水琹P】,https://www.bilibili.com/video/BV1nE411u7A2,水琹P
论火影全局最好听的bgm之一,動天,0.89,BV1kC4y1W77z,论火影全局最好听的bgm之一——動天,https://www.bilibili.com/video/BV1kC4y1W77z,赖床的小盆友ikk
贝多芬病毒,Diana Bonchrva,0.89,BV1TW411R7eZ,贝多芬病毒——Diana Bonchrva,https://www.bilibili.com/video/BV1TW411R7eZ,伊佐木要想要画画
超时空要塞F,星間飛行 翻唱,0.89,BV1F14y1Y7MK,【YuNi】星間飛行 翻唱/超时空要塞F/ランカ・リー,https://www.bilibili.com/video/BV1F14y1Y7MK,YuNi_Official
这么可爱真是抱歉,可愛くてごめん 高嶺のなでしこ,0.89,BV1AD4y1L7xn,这么可爱真是抱歉／可愛くてごめん 高嶺のなでしこ,https://www.bilibili.com/video/BV1AD4y1L7xn,摸e凹喵
进击的巨人第一季主题曲,红莲之弓矢,0.89,BV1AW411A7as,进击的巨人第一季主题曲：红莲之弓矢,https://www.bilibili.com/video/BV1AW411A7as,NGGGN1
银行不妙曲,4K60FPS修复,0.89,BV1qd4y1R7Ae,【碧蓝档案】银行不妙曲-4K60FPS修复,https://www.bilibili.com/video/BV1qd4y1R7Ae,アオサワ
願い～あの頃のキミへ～,當山みれい (当山真玲) 中日字幕,0.89,BV15U4y1B7qa,願い～あの頃のキミへ～-當山みれい (当山真玲) 中日字幕,https://www.bilibili.com/video/BV15U4y1B7qa,J丶Rain
"黄勇,任浩铭",你看到的我 (DJ版),0.89,BV1L5411J7BN,"黄勇,任浩铭 - 你看到的我 (DJ版)",https://www.bilibili.com/video/BV1L5411J7BN,悲伤诗請意画
HATSUNE MIKU EXPO,Yunosuke,0.88,BV1EK4y1z7St,【MIKU EXPO 10th】Intergalactic Bound by Yunosuke & CircusP feat. Hatsune Miku,https://www.bilibili.com/video/BV1EK4y1z7St,初音未来_Crypton
Jazz,,0.88,BV1db411478b,【Queen中字】世界上最嗨的歌Don't Stop Me Now (16 mm 胶片修复),https://www.bilibili.com/video/BV1db411478b,杰杰子在线
karma is a bitch,,0.88,BV17W411o7vG,已失效视频,https://www.bilibili.com/video/BV17W411o7vG,小8音乐秀
LOVE,,0.88,BV1aL411n7tQ,【鏡音リン・初音ミク】ねぇねぇねぇ。 (呐呐呐。)【ピノキオピー】,https://www.bilibili.com/video/BV1aL411n7tQ,ピノキオピー_official
Music,,0.88,BV19y4y1x7mA,"Carry me off Sour式 初音miku,巡音luka,鏡音rin,弱音haku,重音teto[2021MV]",https://www.bilibili.com/video/BV19y4y1x7mA,pizacg
Real me,米库喵 编曲：米库喵 作词：Kariko 演唱：22娘（幽舞越山）、33娘（hanser） 混音：Digifan 录音：801录音鸽 影像：dd（Alice映画） 立绘：鹿球球（Alice映画） 策划：大家的音乐姬&凉果,0.88,BV1dC4y1a7ZG,【登乐V计划】主题曲 Real me 打破定义 你就是你想要的样子！,https://www.bilibili.com/video/BV1dC4y1a7ZG,登乐V计划
Virtual Popstar,,0.88,BV1E4411z7iQ,"【初音未来,镜音铃,KAITO】擂台的炽天使【Mitchie M】",https://www.bilibili.com/video/BV1E4411z7iQ,MitchieM
ゆかりあかりフェス！奏 2018,,0.88,BV1bW411r7XU,【紲星あかり】Akari来了哦【GYARI（ココアシガレットP）】,https://www.bilibili.com/video/BV1bW411r7XU,阿赫official
カタオモイ,,0.88,BV1eo4y177xB,【AI友利奈绪】单相思,https://www.bilibili.com/video/BV1eo4y177xB,我永远喜欢友利奈绪丶
カワイ子ぶってるったって カワイく見られたいんだし！ヽ(｀Д´)ﾉ,成海聖奈(CV：雨宮天) ❤作词: Shito.Gom,0.88,BV1kx411j7Kr,【HB Azu】可愛くなりたい（想变可爱！）【眠木亚】,https://www.bilibili.com/video/BV1kx411j7Kr,眠木亚MinKi
ダイダイダイダイダイキライ,,0.88,BV1vqQUYYEmg,【初音ミクVS重音テト】超级超级超级超级超级讨厌【雨良 Amala】【授权转载】,https://www.bilibili.com/video/BV1vqQUYYEmg,句号_OvO
プロジェクトセカイ カラフルステージ！ feat. 初音ミク,初音ミク」で見ることのできる3DMV『にっこり^^調査隊のテーマ』ゲームサイズを公開！ 『にっこり^^調査隊のテーマ』 作詞：じーざす 作曲：じーざす 公式サイト：https,0.88,BV1gb4y1n7rQ,【中文CC字幕】【ワンダーランズ×ショウタイム × 初音ミク】にっこり^^調査隊のテーマ（笑容^^调查队的主题曲）【3DMV／『世界计划 多彩舞台』主题原创曲】,https://www.bilibili.com/video/BV1gb4y1n7rQ,Project_SEKAI资讯站
不信比来长下泪，开箱验取石榴裙。,PoKeR,0.88,BV1Gi4y1K7Hr,【赤羽原创】千秋梦【忘川风华录】,https://www.bilibili.com/video/BV1Gi4y1K7Hr,忘川风华录
不可思議のカルテ,,0.88,BV1Hf4y1S7VA,【3D环绕大合唱】不可思議のカルテ（立体声加强版）（青春猪头少年不会梦到兔女郎学姐）,https://www.bilibili.com/video/BV1Hf4y1S7VA,卫藤雪亲王
世末积雨云,《世末积雨云》av1579079,0.88,BV1Qs411k7Qv,【乐正绫原创】世末歌者【PV付/COSMOSⅡ】,https://www.bilibili.com/video/BV1Qs411k7Qv,COPY
买买买,@MUE ---------- staff 填词&策划： 景辉 调教： 提莫 混音： 小猪P PV： 毛腿猪兔子 协力： AWP丨树懒 ---------- 一首“反其意而行之”的曲子,0.88,BV1g7411b7Ux,不 买 立 省 百 分 百,https://www.bilibili.com/video/BV1g7411b7Ux,景辉_Irony
交换无名指金色的契约,A路人 翻唱：封茗囧菌,0.88,BV13b41117mb,☆勾指起誓☆ 英语版 【封茗囧菌/A路人】感人的承诺不分语言，不分国界~！,https://www.bilibili.com/video/BV13b41117mb,A路人
你,,0.88,BV1KJ411C7Y1,流年如歌【2020拜年祭单品】,https://www.bilibili.com/video/BV1KJ411C7Y1,纳兰寻风
假日Project,Nicamoq 中文填词：St_色太 中文翻唱：Hanser AV19401953,0.88,BV1PW411E7aS,【Yunomi】インドア系ならトラックメイカー【MV】,https://www.bilibili.com/video/BV1PW411E7aS,Yunomi_official
劣等上等,及舞蹈！ 镜音双子十周年生日快乐！ 为大家展现难得一见的姬雏成熟的一面！姬雏的舞台才刚刚开始！大家准备好跟上了吗？ ------------------------------------------ 演唱：田中姬&铃木雏 导演（监督）：ChangSang 音乐director：てつぴっぴ 舞蹈指导：明香里＆夕香里 fromATY 演技指导&摄影：奉日本先生,0.88,BV1kW411f7h5,HIMEHINA『劣等上等（Cover）』MV,https://www.bilibili.com/video/BV1kW411f7h5,田中姬铃木雏Official
发光小孩,ELMABEATS 混音,0.88,BV12y4y1v7td,我是小屁孩怎么了！！,https://www.bilibili.com/video/BV12y4y1v7td,尤超白
吃,世界第一的吃货殿下 视频,0.88,BV1Jx411F7tf,【洛天依】千年食谱颂 原曲+PV 【H.K.君】,https://www.bilibili.com/video/BV1Jx411F7tf,平安夜的噩梦
回首过去几年，曾经发生过许多事情…我希望对girls时的自己传达要好好反省。,,0.88,BV18W41167g4,【Miume・MARiA・217】响喜乱舞（響喜乱舞）【舞见 第8弹!!!】,https://www.bilibili.com/video/BV18W41167g4,GARNiDELiA
大喜,殇小谨 作词：假寐 编曲：于瑾 和声编写：殇小谨 古筝：紫格 琵琶：团团子 二胡：二胡妹 笛子：囚牛 小提琴,0.88,BV1Ri4y1T7md,【泠鸢·原创】大喜【国风电音+舞蹈】欢迎二创~！,https://www.bilibili.com/video/BV1Ri4y1T7md,泠鸢yousa
大小姐和大少爷的反派生涯,av18035823 娱乐作品,0.88,BV1Jb41167xC,【辉夜大小姐/手书】辉夜大小姐和白银大少爷的反派生涯,https://www.bilibili.com/video/BV1Jb41167xC,今日一叶不知秋
天下纷争莫若棋局一场，临兵斗者皆阵列前行。良有一象，助公称王。,陈亦洺,0.88,BV1z4411q74Y,【赤羽原创】天下局【忘川风华录】,https://www.bilibili.com/video/BV1z4411q74Y,忘川风华录
太阳系DISCO,）』MV,0.88,BV1nW411r7mW,HIMEHINA『太阳系DISCO（Cover）』MV,https://www.bilibili.com/video/BV1nW411r7mW,田中姬铃木雏Official
好想和大家见面啊,GOHGO Download‐‐‐‐‐‐‐‐‐‐‐ 乐曲配信中：https,0.88,BV12K411K7cp,HIMEHINA『Mr.VIRTUALIZER』MV,https://www.bilibili.com/video/BV12K411K7cp,田中姬铃木雏Official
安娜的橱窗,封茗囧菌 策划,0.88,BV15W411E7Qh,【封茗囧菌】安娜的橱窗（半木生）,https://www.bilibili.com/video/BV15W411E7Qh,封茗囧菌
小鹿乱撞,,0.88,BV1bb411W7CA,【欣小萌】是你的学妹吗?❤️小鹿乱撞~,https://www.bilibili.com/video/BV1bb411W7CA,-欣小萌-
恋爱循环,会中 我再次演唱了《恋爱循环》 感觉很适合今天这个日子呢 祝大家节日快乐,0.88,BV1dR4y1c7qi,【花泽香菜自投稿】恋爱循环，再来一遍！,https://www.bilibili.com/video/BV1dR4y1c7qi,花泽香菜
恶魔之子,,0.88,BV1VT4y117bK,已失效视频,https://www.bilibili.com/video/BV1VT4y117bK,夏日幻听MCE
愤怒,,0.88,BV1HW411T741,【洛天依原创曲】绝体绝命【PV付】,https://www.bilibili.com/video/BV1HW411T741,阿良良木健
我,,0.88,BV1t34y1273b,快乐手帐【2022拜年纪单品】,https://www.bilibili.com/video/BV1t34y1273b,纳兰寻风
昔为烈士雄，今为娇子容。亲戚持酒贺父母，始知生女与男同。,塔库,0.88,BV1Gg4y1a7vg,【苍穹原创】木兰行【忘川风华录】,https://www.bilibili.com/video/BV1Gg4y1a7vg,忘川风华录
本草纲目,诗岸 曲绘：依枕云屏 视频：秦振迟 监制：诺诺小熊猫 虚拟歌手引擎 ： Synthesizer V Studio --------------------------- 原曲《本草纲目》 - 周杰伦 模仿学习了 Ayase 的编曲,0.88,BV1Fs4y1b7cN,本草纲目，但是YOASOBI风【诗岸 Cover.周杰伦/Remix】【2023虚拟歌手贺岁纪单品】,https://www.bilibili.com/video/BV1Fs4y1b7cN,GrogTony
枪火,,0.88,BV1nx411V72K,【洛天依原创曲】大小姐和大少爷的反派生涯【洛卷卷·黑洛】,https://www.bilibili.com/video/BV1nx411V72K,JUSF周存
江湖入怀,,0.88,BV12v411x7Eq,风灵玉秀,https://www.bilibili.com/video/BV12v411x7Eq,
狐妖小红娘,冥月 &amp,0.88,BV1gs411t7Yb,【Mario×冥月】若当来世【狐妖小红娘月红篇OP】,https://www.bilibili.com/video/BV1gs411t7Yb,冥月の翼
狐妖小红娘,浓缩排骨,0.88,BV1Rs411Q7Kb,【呦猫UNEKO】梦回还【狐妖小红娘王权富贵篇】,https://www.bilibili.com/video/BV1Rs411Q7Kb,呦猫UNEKO
王者荣耀,,0.88,BV1Qs411r791,【王者荣耀】RAP龙虎榜 剑仙李白，满血暴力5杀！,https://www.bilibili.com/video/BV1Qs411r791,Hello廖西
琥珀,,0.88,BV1hJ411C7W8,HIMEHINA『琥珀的身体』MV,https://www.bilibili.com/video/BV1hJ411C7W8,田中姬铃木雏Official
盗梦空间,祖娅纳惜 & 漆柚: av24223687 词,0.88,BV1CW411P75z,【洛天依、言和原创曲/PV付】反派死于话多【iKz】(真实童话 Act.3),https://www.bilibili.com/video/BV1CW411P75z,iKz_茶壶
科学很可爱,、后期：漆柚柚柚 PV：九大帅 监制：哔哩哔哩音乐 联合出品：泛科文计划,0.88,BV1r441177GE,触摸天空（物理版）,https://www.bilibili.com/video/BV1r441177GE,二次元的中科院物理所
第一天,,0.88,BV1qL4y1i7cL,孙燕姿.[第一天].MV.官方字幕修复版 1080p,https://www.bilibili.com/video/BV1qL4y1i7cL,---今晚打老虎---
简易,,0.88,BV1Xp421o7hr,大哉乾元【2024拜年纪单品】,https://www.bilibili.com/video/BV1Xp421o7hr,哈米伦的弄笛者
红昭愿,@音阙诗听 翻唱混音视频图绘：封茗囧菌 =3=第一次听到这首歌就超喜欢！,0.88,BV1xx411E7JY,【囧菌翻唱】红昭愿,https://www.bilibili.com/video/BV1xx411E7JY,封茗囧菌
胧月,,0.88,BV1aP411G7RC,【画质修复+字幕】朧月(胧月),https://www.bilibili.com/video/BV1aP411G7RC,中门对狙第一人
虚拟小姐在注视着你,,0.88,BV1Eb411Y7Uk,HIMEHINA『人型』MV,https://www.bilibili.com/video/BV1Eb411Y7Uk,田中姬铃木雏Official
讲真的,原唱: 曾惜 简介补充: 《讲真的》 原唱：曾惜 词:黄然 曲:何诗蒙 翻唱混音和声：封茗囧菌 非常好听的歌！ 这种曲风真滴是超级喜欢了=3= =L=没有什么图做封面 就拿了一张之前的自拍23333,0.88,BV1Gp411R7qk,【囧菌翻唱】讲真的,https://www.bilibili.com/video/BV1Gp411R7qk,封茗囧菌
语言,洛天依 作词：人形兎,0.88,BV1iF411n7wg,【洛天依】梦里啥都有,https://www.bilibili.com/video/BV1iF411n7wg,苏逸_Suyi
请在这个最好的时代里去追寻你们的梦想吧,】一片永不落日的森林,0.88,BV14b411a76v,【Minecraft】一片永不落日的森林，这里就是我的世界！  [暮色森林——完结纪念],https://www.bilibili.com/video/BV14b411a76v,叶子解说世界
这一迷惑行为,TsWEITAO,0.88,BV17J411w7TX,【60fps】希儿•芙乐艾 乙女解剖（B站河蟹版）by TsWEITAO,https://www.bilibili.com/video/BV17J411w7TX,白金重工
进撃の巨人,Theishter 红石音乐为自制 场景为Project Shiganshina District (Attack on Titan) ——Planetminecraft.com http,0.88,BV1nb411T7gN,【红石音乐】红莲の弓矢,https://www.bilibili.com/video/BV1nb411T7gN,冷漠の君莫笑
道,,0.88,BV1zN411d7dG,万象霜天【2021拜年纪单品】,https://www.bilibili.com/video/BV1zN411d7dG,忘川风华录
预祝七夕,,0.88,BV1QW41197HW,花泽香菜&钉宫理惠 合唱『 恋爱循环』,https://www.bilibili.com/video/BV1QW41197HW,沐艾菌
#干杯十周年##bilibili音乐#中V9人版 av56911215,原创编舞,0.77,BV1Bx411o7WB,2233娘的奇妙冒险！B站十周年应援曲~To B Continued~(Feat.GUMI)【bilibili音乐】,https://www.bilibili.com/video/BV1Bx411o7WB,大家的音乐机
(」・ω・)」うー！(,,0.77,BV1Pa411g7o7,【YuNi】太陽曰く燃えよカオス翻唱,https://www.bilibili.com/video/BV1Pa411g7o7,YuNi_Official
*亲爱的Neuro sama，生日快乐。* 感谢@存粉pp 用心制作的视频，希望每个人都能看到。 全世界最棒的AI主播Neuro,,0.77,BV1ok4y1Q7jq,【Neuro手书】Neuro sama一周年生日祝贺手书【ニア】,https://www.bilibili.com/video/BV1ok4y1Q7jq,Neuro21烤肉组
*真帅吧* 全世界最好的AI主播Neuro,sama，将带领着蜂群席卷整个互联网！ 原作者,0.77,BV1Va4y1C7rk,【双子歌回】⚡劣⚡等⚡上⚡等⚡,https://www.bilibili.com/video/BV1Va4y1C7rk,Neuro21烤肉组
1,,0.77,BV1ix411c7Ye,【穿越】绿光,https://www.bilibili.com/video/BV1ix411c7Ye,小太
6月份的时候出过一期DJ Okawari的 Luv Letter (av54628406) ，这次带来的是碗叔的另一首脍炙人口的作品,,0.77,BV11E411d7Jc,终于弹了这首 花之舞 Flower Dance 无伴奏钢琴版 DJ Okawari【超高清音质】,https://www.bilibili.com/video/BV11E411d7Jc,BiBiPiano
8年间我们一起经历了许多，有欢乐也有悲伤，有相遇自然也有别离，但曾相处的日子永远那么辉光闪耀。 感谢你成为我的光芒，而我也会是你万分之一的光。 音乐,ChiliChill 贝斯,0.77,BV1Tp4y1S7cu,【洛天依原创曲】万分之一的光,https://www.bilibili.com/video/BV1Tp4y1S7cu,洛天依
BGM,,0.77,BV157411M7kz,快 放 我 下 车！,https://www.bilibili.com/video/BV157411M7kz,Devil青酱
bgm,耍把戏,0.77,BV1Ne4y197WK,【海绵宝宝】耍把戏,https://www.bilibili.com/video/BV1Ne4y197WK,黄方块和粉星星a
BGM,Gavin Degraw,0.77,BV1Vb41177ud,【漫威/DC/踩点/1080p】前方高能！使人起鸡皮疙瘩的踩点与衔接的视觉盛宴！,https://www.bilibili.com/video/BV1Vb41177ud,轩龙鸽鸽
BGM,开头清唱是于梓贝的翻唱，后面是杨千嬅的原唱 感谢大家的观看！,0.77,BV1FJ411V7gy,【处处吻】 愣着干嘛 进来白嫖啊,https://www.bilibili.com/video/BV1FJ411V7gy,一本正经的小方
BGM,Nevada,0.77,BV1yJ411p7wx,轻松愉快！勾起你对动漫回忆的老婆混剪！,https://www.bilibili.com/video/BV1yJ411p7wx,二代二代
BGM,Good Time 歌手,0.77,BV1cJ411z7PN,Good Time,https://www.bilibili.com/video/BV1cJ411z7PN,二代二代
BGM,穷开心 pv,0.77,BV12W411j7cH,【马化腾】穷开心,https://www.bilibili.com/video/BV12W411j7cH,浅笑安然呐
From开眼视频 原地址https,youtu.be,0.77,BV1vx411S7qF,退休奥巴马实力翻唱［Shape of you］,https://www.bilibili.com/video/BV1vx411S7qF,莫名7妙の木医
hanser,,0.77,BV1zp4y1W7qf,吉祥话【2021拜年纪单品】,https://www.bilibili.com/video/BV1zp4y1W7qf,hanser
http,UP改编+唱 本家av345458 …其实比起委员会，我更加喜欢这一作呢，不过目前大家翻唱都好少的样子。中文词基本还原日文原意，搞不太懂这歌内容的童鞋可以看看yousa的理解。……那~~~想得到永远的幸福么？可以的哟~【掩嘴ww MP3地址,0.77,BV1Wx411F7US,【泠鸢】找到了！永远幸福的方法（中文版）,https://www.bilibili.com/video/BV1Wx411F7US,泠鸢yousa
http,v.yinyuetai.com,0.77,BV1rx411h7jW,Nightwish  I Want My Tears Back 现场版 中英字幕,https://www.bilibili.com/video/BV1rx411h7jW,任意妄为的老夫
https,www.nicovideo.jp,0.77,BV1phhHz8EPF,【初音ミク】いますぐ輪廻（即刻轮回）【なきそ】,https://www.bilibili.com/video/BV1phhHz8EPF,珠紫MuRaSaKi
https,www.youku.com,0.77,BV1M4411z7Uh,【Dymy音樂組】【MV】【強風吹拂 OP】,https://www.bilibili.com/video/BV1M4411z7Uh,贪心ZHI
https,www.youtube.com,0.77,BV1wR4y1z7Bn,【4K超高清】FREELY TOMORROW,https://www.bilibili.com/video/BV1wR4y1z7Bn,SILVIA____
https,www.twitch.tv,0.77,BV1ZK4y1q7CV,【Evil-Neuro/歌回】giligili爱 ！いけないボーダーライン,https://www.bilibili.com/video/BV1ZK4y1q7CV,苇名宋飞飞
https,twitter.com,0.77,BV1M64y1n7Xv,Camp Maki,https://www.bilibili.com/video/BV1M64y1n7Xv,Arisu_archive
https,youtube.com,0.77,BV1LZ4y1k7Lw,【鲨鱼宝宝小古拉】Good Time,https://www.bilibili.com/video/BV1LZ4y1k7Lw,澄田花苗
https,youtu.be,0.77,BV1j5411V74M,钻石裂痕 (ダイアモンド クレバス) 4K 超高清画质 AI升级,https://www.bilibili.com/video/BV1j5411V74M,沙理戰-動漫遊戲頻道-
https,www.pixiv.net,0.77,BV1wB4y1v7ps,New Soul,https://www.bilibili.com/video/BV1wB4y1v7ps,澄田花苗
https,steamcommunity.com,0.77,BV1iU4y1E7rZ,Counting Stars,https://www.bilibili.com/video/BV1iU4y1E7rZ,澄田花苗
https,bangumi.bilibili.com,0.77,BV12x41147jL,很少人知道的一首很让人震撼的op,https://www.bilibili.com/video/BV12x41147jL,沉默寡言白河愁
https,v.qq.com,0.77,BV1Mx411t7Hj,炮姐第一神曲，最美现场版,https://www.bilibili.com/video/BV1Mx411t7Hj,简子ya
MIKU生日快乐! 本来是在31号24点前做完的，谁知道渲染出毛病了导致我白渲染了一个小时呜呜呜，只能晚一天了( ‘,ωก̀ ) 本视频包括但不限于,0.77,BV1yU4y1B7yM,你是一棵一棵一棵葱啊啊啊！,https://www.bilibili.com/video/BV1yU4y1B7yM,LAB-04
Miume・MARiA・217舞见 第4弹！ 编舞,Miume 服装设计,0.77,BV1us41137Fd,【Miume・MARiA・217】极乐净土（極楽浄土）【舞见 第4弹!!!】,https://www.bilibili.com/video/BV1us41137Fd,GARNiDELiA
Music,ChiliChill Movie,0.77,BV1Qc411h7Ys,【洛天依原创】我的悲伤是水做的,https://www.bilibili.com/video/BV1Qc411h7Ys,YuH_ChiliChill
MV来自,网易云音乐 MV来自,0.77,BV1NW411Z7oM,Wicked Wonderland (Radio Edit)1080P＋中英文双字幕版,https://www.bilibili.com/video/BV1NW411Z7oM,超凶残的行长
sm24643818,YOUTUBE,0.77,BV1Kx411P7AP,【Gumi English】 ECHO 【Crusher - P】,https://www.bilibili.com/video/BV1Kx411P7AP,糜酱
sm30067009 https,youtu.be,0.77,BV1hs411W7uR,【初音ミク】妄想感傷代償連盟【DECO*27】,https://www.bilibili.com/video/BV1hs411W7uR,阿赫official
sm30538166 （Skypeがスパムに乗っ取られたので）新曲です。猫は嫌いシリーズになります。 パスワード抜かれた原因と思われるDropboxから特典ZIPだゾ～ → http,bit.ly,0.77,BV1Sg411R7gN,【初音ミク】Spam Jack【LamazeP】,https://www.bilibili.com/video/BV1Sg411R7gN,弓野篤禎_Simon
sm33510542,https,0.77,BV1Es411J7iq,【鏡音リンレン】劣等上等【ギガ】【魔法未來2018 / 鏡音レン・リン 10th週年主題曲】,https://www.bilibili.com/video/BV1Es411J7iq,SenaRinka_Tao
sm8628149 2011,9,0.77,BV1xx411c79H,【東方】Bad Apple!! ＰＶ【影絵】,https://www.bilibili.com/video/BV1xx411c79H,折射
v.qq.com,page,0.77,BV1Bx411w7wa,【凤凰传奇】自由飞翔,https://www.bilibili.com/video/BV1Bx411w7wa,500
Vocal,しぐれうい Words & Arrange,0.77,BV1fs421u7ce,【原创曲】うい麦畑でつかまえて（羽衣麦田的守望者）⧸ しぐれうい【ナナホシ管弦楽団】,https://www.bilibili.com/video/BV1fs421u7ce,時雨羽衣Official
Vocal,时雨羽衣（9岁） Words,0.77,BV1sH4y1D79p,【原创歌曲】粛聖!! ロリ神レクイエム☆ _ 时雨羽衣（9岁）,https://www.bilibili.com/video/BV1sH4y1D79p,時雨羽衣Official
YouTube,,0.77,BV1wx41117Pr,你打破了我单曲循环的人生，却又...  这条视频创意逆天了！！！,https://www.bilibili.com/video/BV1wx41117Pr,任性的KIMKILLS
YouTube 原曲,I Blame You 作者,0.77,BV1Zv4y1o7g9,"Blame you (眠, Lopu$ Remix)",https://www.bilibili.com/video/BV1Zv4y1o7g9,塞琉西亚拆迁队
"Здравствуйте! Спасибо, что приглядываешь за ней. ypaaaaaa!!今回はありがたいことになな辛軍有志の方々が カグラナナロシアverの動画を作って下さったので、 ロシア民謡『Катюша』をカバーで歌わせて頂きました！ 某戦車道アニメでお馴染みですよね・・！ ロシアの音楽はクラッシック・オペラがルーツとしてあるので 重厚でかっこいい雰囲気の曲が多く、とても好きです✨ Полюшко",】喀秋莎・Катюша【神楽七奈】少女与战车版,0.77,BV1R7411A7zY,【俄语翻唱】喀秋莎・Катюша【神楽七奈】少女与战车版,https://www.bilibili.com/video/BV1R7411A7zY,神楽七奈Official
▶ 啥啊 （←不要怀疑 这就是曲名= =） ▷ 演唱,洛天依ace feat.洛天依v3 ▷ 作词,0.77,BV15r4y1E72p,- 啥  啊 -,https://www.bilibili.com/video/BV15r4y1E72p,星葵
◆Music,Vae ◆Lyrics,0.77,BV1Ds411S7Do,【KBShinya×A路人】有何不可 English Ver.,https://www.bilibili.com/video/BV1Ds411S7Do,KBShinya
◆原唱,薛明媛,0.77,BV14x41187u5,【A路人×KBShinya】非酋【这是正经的歌】,https://www.bilibili.com/video/BV14x41187u5,KBShinya
★YOASOBI (https,www.yoasobi,0.77,BV1bV411B7uK,YOASOBI 怪物 (Monster) Official Music Video,https://www.bilibili.com/video/BV1bV411B7uK,Ayase-YOASOBI
『言えないこの気持ち 早く気づいて欲しいのに』 ーーー⋈ーーー⋈ーーー⋈ーーー 送给大家的情人节礼物！ 和鹿乃酱第一次合唱 贴贴~ ハッピーバレンタイン！ 鹿乃ちゃんとの初めての歌コラボです✨ ななかのてぇてぇ 鹿乃,花寄女子寮 https,0.77,BV1R7411u7xQ,【翻唱】♡ヒトリゴト（自言自语）♡【神楽七奈×鹿乃】,https://www.bilibili.com/video/BV1R7411u7xQ,神楽七奈Official
一时兴起的童年回忆手书 因为歌曲长度所以有不少我看过的动漫并没有放进去 混进去一部小说和一部漫画 虽然晚了一点 还是祝大家新年快乐 BGM,,0.77,BV1Yv411a7mQ,【童年回忆向/手书】我追着梦的光点,https://www.bilibili.com/video/BV1Yv411a7mQ,四天旅行箱
专辑,Avid,0.77,BV1TP4y1R7ay,已失效视频,https://www.bilibili.com/video/BV1TP4y1R7ay,FlyingTiercel
为米米的30岁生日第一次尝试做手书！真的超级、超级超级烂，是一个月粗糙赶制出来的迷之出来物。 又是被米津的音乐陪伴的一年。说实话八爷真的是让我作为更好的自己活下去的很大动力 verse 3 私心添加了从每首歌最有共鸣感的歌词ww 喜欢的话请留一条弹幕吧！我会很开心的！,er更活跃：@ 红茶8号,0.77,BV1cA411T7F2,[米津玄师 | 手书] LOSER,https://www.bilibili.com/video/BV1cA411T7F2,kouchanomun
久违的翻填~基本按原词意填词~ 原作,YOASOBI BV1Yr4y1P73q,0.77,BV1tF41137H5,【泠鸢】群青，但中文了！久违的翻填~,https://www.bilibili.com/video/BV1tF41137H5,泠鸢yousa
二次创作，视频结尾有原创作者。自制同步字幕，感谢大家的支持！原视频地址https,youtu.be,0.77,BV1gA411n7vA,儿子，你赢了吗？,https://www.bilibili.com/video/BV1gA411n7vA,GODVCENT
今年的BDF宣传片，我们想用一个故事来回顾舞蹈区的发展。从最开始朴素的录制场景、简单的妆发后期，到现在大家呈现出的一支支精美舞蹈作品，每个人都很用心地对待自己的视频。 我们依然会在，感谢你们还在！请期待，Bilibili Dancing Festival 2019 活动页请戳,https,0.77,BV17t411y7Zq,【2019 Bilibili Dancing Festival 主题曲】触摸天空,https://www.bilibili.com/video/BV17t411y7Zq,舞蹈区小锦鲤
作品类型,原曲翻唱 原唱,0.77,BV1mW41187P3,【女伪男】红昭愿（耳朵怀孕系列）,https://www.bilibili.com/video/BV1mW41187P3,沙拉酱merry
作曲,烏龜Sui,0.77,BV1es41197ai,【2016拜年祭单品】九九八十一【乐正绫 feat.洛天依】,https://www.bilibili.com/video/BV1es41197ai,没有龟壳的乌龟
作曲,疯猴pme,0.77,BV1Tb411775d,史上最萌女声念诗之王！玛丽罗斯春风吹满地 傲娇版,https://www.bilibili.com/video/BV1Tb411775d,ACES合金蛋头
作词,作曲,0.77,BV1w4411G7nv,【洛天依原创曲】不老不死【异托邦LOVETOPIA】【阿良良木健】,https://www.bilibili.com/video/BV1w4411G7nv,阿良良木健
作词,Yunomi 作曲,0.77,BV1TW411t7v6,【Yunomi】ダンスフロアの果実【MV】,https://www.bilibili.com/video/BV1TW411t7v6,Yunomi_official
作词,"Aaron Smith,Luvli 作曲",0.77,BV1vt411r7rW,【3D环绕】Dancin (Krono Remix),https://www.bilibili.com/video/BV1vt411r7rW,老默默默
你们觉得我骚吗？ 制作,,0.77,BV1Cb411p7jV,【全明星】爱的魔力转圈圈,https://www.bilibili.com/video/BV1Cb411p7jV,潮汕好男人
全世界のゲーマーに捧げる。私の歌を聴けぇぇぇ～！！ ▼Vocal 湊あくあ ▼Song writing & Arrange Neko Hacker ▼Recording & Mixing Engineer NNZN ▼Movie LAIN,,0.77,BV1WA411E78G,【湊-阿库娅】For The Win【Original】,https://www.bilibili.com/video/BV1WA411E78G,湊-阿库娅Official
全世界最棒的AI主播Neuro,https,0.77,BV1Mw4m1i7wy,【Neuro歌回】深海少女,https://www.bilibili.com/video/BV1Mw4m1i7wy,Neuro21烤肉组
刚听到一曲相思这首歌的时候，我就被这首歌里蕴含的深深的情意给打动了，每一个鼓点，每一个旋律，都优美动人。真是绕梁三日，不绝于耳啊！（鼓掌） 通过描写李云龙，给大家传递一个不一样的亮剑故事，希望大家能从这首歌中感受到中华儿女保家卫国的气节！ 原曲,半阳,0.77,BV14b411y7Sa,【李云龙】一曲相思,https://www.bilibili.com/video/BV14b411y7Sa,采紫葳的凌霄子
初音未来的消失 ，中文字幕版。 转自Youtube 原视频网址,https,0.77,BV12x411w7Gq,【初音ミク】初音未来的消失 中文字幕版,https://www.bilibili.com/video/BV12x411w7Gq,神丶JACKASのJ
剪梅报岁，四美高歌再送吉祥话 画马腾春，一联妙对开迎锦绣年 企划,制片,0.77,BV1eoZ7BnEGy,年年对对【2026拜年纪单品】,https://www.bilibili.com/video/BV1eoZ7BnEGy,西门振
原创 第一次自己做自己传视频充满坎坷啊！！！！！第一次没传视频就发上去了,太他喵的糗了…… 链接,0.77,BV16x411F7Zn,少女与坦克【喀秋莎】带乌拉版,https://www.bilibili.com/video/BV16x411F7Zn,晴夜的風
原曲,冬の花 原唱,0.77,BV1X84y1c7Mo,【冈部伦太郎】冬の花（冬之花）,https://www.bilibili.com/video/BV1X84y1c7Mo,科萪西红柿
原曲,冬之花,0.77,BV1Ac411E7iW,【AI惠惠】冬の花（冬之花）,https://www.bilibili.com/video/BV1Ac411E7iW,Exploooosion
原曲,BV1u54y1f7mY by DECO*27 vocal 鹿乃桜帆,0.77,BV1Hg411J79a,爱言叶Ⅳ(鹿乃xLONxHanser),https://www.bilibili.com/video/BV1Hg411J79a,hanser
原曲,触电 感谢@潮汕好柱子的midi和马云晃头画面 久违的双马_(:з」∠)_ 等一个百万助攻！av21680218,0.77,BV1ob411T7x6,【马云X马化腾】爱的魔力转圈圈,https://www.bilibili.com/video/BV1ob411T7x6,树深时见鹿dear
原曲,今天妈妈不在家 音符数,0.77,BV15x411J78n,[黑乐谱]今天妈妈不在家,https://www.bilibili.com/video/BV15x411J78n,Nyan2023
原曲,HandClap 章章章章章鱼哥 吹吹吹吹吹笛子 嘟嘟嘟嘟嘟嘟嘟嘟嘟嘟嘟嘟嘟嘟,0.77,BV14s411L7bg,【章鱼哥】HandClap,https://www.bilibili.com/video/BV14s411L7bg,TurtleBall
原视频,https,0.77,BV1Er4y1w7x4,【ASDFMOVIE】玛芬之歌!,https://www.bilibili.com/video/BV1Er4y1w7x4,憨嘣
发布日期,2019年6月7日 https,0.77,BV1r4411K7Xh,[MV] 星期五的早安,https://www.bilibili.com/video/BV1r4411K7Xh,AIChannel官方
可是她不是谢拉...... 山荷叶在做了，难度有点高，慢慢打磨吧 这次使用了64800步的模型 动态壁纸作者,https,0.77,BV18M411s74V,【AI谢拉】カタオモイ (单相思),https://www.bilibili.com/video/BV18M411s74V,Kafuuccino
合作 魔改歌曲 原唱,青花瓷 周杰伦 套马杆 乌兰托娅 乌兰图雅 调混音,0.77,BV1a441127f6,调音师竟把青花瓷调成套马杆,https://www.bilibili.com/video/BV1a441127f6,致明笑笑
听到这首歌就觉得跟亮剑超搭的有木有？燃起来吧！ 原曲,沙漠骆驼 调音,0.77,BV1ft411d7P8,【李云龙】沙漠骆驼（全程高燃）,https://www.bilibili.com/video/BV1ft411d7P8,采紫葳的凌霄子
听过之后难以忘怀的曲调?? やっぱっぱっぱぁ！！✨✨ =͟͟͞͞(๑•̀=͟͟͞͞(๑•̀д•́=͟͟͞͞(๑•̀д•́๑)=͟͟͞͞(๑•̀д•́))) ♪ 本家様 ♪ https,youtu.be,0.77,BV1Ld4y167mN,【YuNi】乙女解剖 翻唱,https://www.bilibili.com/video/BV1Ld4y167mN,YuNi_Official
在这个被金钱迷失的时代，我们又将如何前行... BGM,天马qwq,0.77,BV1kt41167UT,【六小龄童】Something Just Like This,https://www.bilibili.com/video/BV1kt41167UT,柴可夫司徒
大家好！我在b站重新开始了！ 先会一些过去的作品哦。 作詞,バルーン 作曲,0.77,BV1jV4y1W7xF,【YuNi】シャルル 翻唱,https://www.bilibili.com/video/BV1jV4y1W7xF,YuNi_Official
官方NCOP 本视频采用SVFI补帧 SVFI专业版 进行超分辨率 粉丝&视觉交流群,264023742 稍后更新8K60帧~,0.77,BV1km4y1D7rX,已失效视频,https://www.bilibili.com/video/BV1km4y1D7rX,SVFI视觉
封面,BV1bD4y1W7JW 唱,0.77,BV1pY411Y7KU,爱如火，但是镜音连AI（为什么莫名的好听……,https://www.bilibili.com/video/BV1pY411Y7KU,奶油味儿的蘑菇w
封面来源,@环保节能小夜灯 火丁我爱死你了 原曲,0.77,BV1Kz421k7MC,【Neuro/Evil/合唱】⭐ねぇねぇねぇ。⭐呐呐呐。🎵,https://www.bilibili.com/video/BV1Kz421k7MC,_环戊烷多氢菲_
将近2个月每天爆肝9h+才好歹赶出来，差点累死。有好多地方有偷懒，实在肝不动了。。。 描改自孤独摇滚第5集live片段。 调教,奶油味儿的蘑菇w UST,0.77,BV1tA411R7J7,【爆肝V家手书】吉他与孤独与蓝色星球live【2023虚拟歌手贺岁纪单品】,https://www.bilibili.com/video/BV1tA411R7J7,-柳橙汁-
小潘潘（潘柚彤）、小峰峰（东峰）,喵喵喵～喵喵喵喵～喵喵喵喵喵～喵喵喵呜～！ 我跟爱哥的第一次合作翻唱，大家要来听噢喵～！ლ(´ڡ`ლ)） ■原曲,0.77,BV1xJ411E7MZ,【绊爱】学猫叫 say meow meow【翻唱】,https://www.bilibili.com/video/BV1xJ411E7MZ,AIChannel官方
希望有人能听到最后,封面作者,0.77,BV1X841157dt,【洛天依AI】有何不可,https://www.bilibili.com/video/BV1X841157dt,账号已注销
很厚颜无耻的把自己之前视频的冒头6分钟单独发出来 只是想趁第二季快放送，希望多点人看 已经看过的朋友 原谅我吧 还是希望自己能继续做视频的 感谢喜欢我之前的那部作品的朋友 BGM,Vogel im Kafig 泽野弘之,0.77,BV1vx411k7iq,【AMV】一曲笼中鸟带你回顾巨人第一季【Vogel im Kafig】,https://www.bilibili.com/video/BV1vx411k7iq,鱼月fishmoon
想到就弄了XD 原曲,ばかみたい 歌,0.77,BV1Bi4y1M7ro,【初音ミク】跟笨蛋一樣(da me da ne),https://www.bilibili.com/video/BV1Bi4y1M7ro,iliru开头念莉
感觉还不错记得打赏+收藏+推荐分享哦 自压60帧，可能会出现轻微卡顿和画面错误 8000kbps钛合金画质在这，链接,https,0.77,BV1fW411R7bP,【1080P+/60帧】境界的彼方OP+ED 无字幕 无STAFF表,https://www.bilibili.com/video/BV1fW411R7bP,EspZhan
感谢审核菌审核！ BGM,,0.77,BV1NE411b7Zz,苏卡不列！喵内、我干完毛子回来了...,https://www.bilibili.com/video/BV1NE411b7Zz,-柠萌菌-
感谢审核！ bgm,,0.77,BV1RC4y187mo,拜托，打傻子犯法的！！,https://www.bilibili.com/video/BV1RC4y187mo,-柠萌菌-
愿者... You know the rules Gura ch.,https,0.77,BV1dy4y1t7N3,【鲨歌】Y.M.C.A,https://www.bilibili.com/video/BV1dy4y1t7N3,MYTH神话观测协会
慢慢的 也能和你使用同样的话语了呢 Twitter https,twitter.com,0.77,BV1eB4y167yn,【原创PV】1 2 FanClub【Mikito P】,https://www.bilibili.com/video/BV1eB4y167yn,みきとP_mikitoP
我。混音,自制 被Neko安利这首超能陆战队主题曲给我。虽然电影我还没看。但是一听就爱上接着作死翻了。特别感谢老顾找到她的好基友狗子来帮忙后期。还有帮忙压制的熊（大苏考试暂代）和MAD的UP主酥酥梨。你们简直就是天使带我飞起不能再暖！！！翻唱,0.77,BV1ys411S7Aa,【Mr.mo】Immortals【超能陆战队主题曲】,https://www.bilibili.com/video/BV1ys411S7Aa,CrazyMo救世界
我不像杨幂我没有168！没有黑幂幂！你看我用的图上面都没有她~！刚刚度假回来，玩心还没收整好，怎样都好啦~不干啦！再也不想好好唱啦…_(,,0.77,BV1Hs411D7pG,【泠鸢】爱的供氧，供供氧~！！！,https://www.bilibili.com/video/BV1Hs411D7pG,泠鸢yousa
我升华了。 BGM,Fever 原视频,0.77,BV16x411k7a8,震惊！钉宫现场辱骂观众！！！！,https://www.bilibili.com/video/BV16x411k7a8,爱穹妹的小浪浪
我已做好了以终身监禁来赎罪的觉悟。 主唱,初音ミク 作词、作曲、编曲,0.77,BV1hg4y1q73Q,【40mP】恋愛裁判 Love Trial【初音ミク】,https://www.bilibili.com/video/BV1hg4y1q73Q,40mP_公式
我总会等你回家。 词曲,卦者灵风 编曲,0.77,BV1qzEazDEye,【心华原创曲】等吧,https://www.bilibili.com/video/BV1qzEazDEye,卦者那啥子靈風
我用钢琴演奏了100首曲子。这些或许是100首最为著名的钢琴曲。你能认全它们吗？请通过这个视频了解一下吧。 关注我的微博,,0.77,BV1Hb411H7Gq,100首你曾听过而不知其名的曲子,https://www.bilibili.com/video/BV1Hb411H7Gq,Vinheteiro
振り向いてほしいだけなの…！(((( *ノノ),MUSIC HoneyWorks (http,0.77,BV18W411f7mb,【谢拉】想要变得可爱【Overidea】,https://www.bilibili.com/video/BV18W411f7mb,Overidea_China
敷衍.jpg Model,YYB,0.77,BV1Uf4y1E7hs,【Vocaloid/MMD】Melt,https://www.bilibili.com/video/BV1Uf4y1E7hs,永夜巡回_
日本雪印冰淇淋广告 女主微博,邢鹿Ruka 重庆妹子，我超喜欢！,0.77,BV1nW411n7Vf,【日本广告】教你撩汉的千层套路,https://www.bilibili.com/video/BV1nW411n7Vf,小饭爱吃瓜
日语作词,MIZU.LULY 视频剪切,0.77,BV1bM4y1K72A,【LULU】正太腔【热爱105°C的大贤者】伪.利姆露  深情演唱~情歌？！,https://www.bilibili.com/video/BV1bM4y1K72A,mizululy
早些时间补完的番，很好看（推荐）。于是做了emmm PS,,0.77,BV18z411z7r5,【燃向MAD/超时空要塞F】你会吻我还是她？,https://www.bilibili.com/video/BV18z411z7r5,风起云动心不染
明日方舟2024夏活直播 佩佩Ep 足陷黄沙也无妨，再次迈步，跟随指引未知的太阳。 倾听跨越光阴的回响，回应涌动的古老呼唤。 追寻低语的历史波澜，见奇迹绽放于璀璨。 官方版本发布啦！！BV1Ky411q7QC 版权,塞壬唱片,0.77,BV1Sf421q7dN,【明日方舟 中文字幕】佩佩角色PV [Mystic Light Quest]【2024夏活前瞻】,https://www.bilibili.com/video/BV1Sf421q7dN,屏幕另一边的迷云
昔有佳人公孙氏，一舞剑器动四方。 从盛唐风华，舞至长安落尽繁华。 剑光曾照千秋盛世，亦随山河辗转沧桑。 以歌为剑，以乐为史， 致敬公孙大娘，及其弟子李十二娘，也致敬这场跨越时光的剑舞传承。 企划,世浩 凌晨 兰音Reine 制片,0.77,BV1HBZLBREwX,刹那芳华【2026拜年纪单品】,https://www.bilibili.com/video/BV1HBZLBREwX,兰音Reine
春风走过大地知，而你在此。,题记,0.77,BV1Ax4y1g7RX,先生【2023拜年纪单品】,https://www.bilibili.com/video/BV1Ax4y1g7RX,平安夜的噩梦
本家,BV1zN411d7dG 翻唱,0.77,BV1hy4y1E7u8,【祖娅纳惜】万象霜天【2021拜年纪翻唱】,https://www.bilibili.com/video/BV1hy4y1E7u8,祖娅纳惜
本家BV1aL411n7tQ 大致讲述了十月革命前后以及卫国战争前后的部分历史，不含时政敏感，审核辛苦 调校,@超级大的小皮卡 曲绘,0.77,BV1mh411n7uK,【苏联填词】呐呐呐,https://www.bilibili.com/video/BV1mh411n7uK,快乐严东楼
本家sm30469574 词曲,ナユタン星人 翻唱,0.77,BV1FJ41127rZ,【Warma x 七柠】太阳系Disco,https://www.bilibili.com/video/BV1FJ41127rZ,七柠Official
本家様 https,www.youtube.com,0.77,BV1Af4y1F7uv,4个Miku的无伴奏合唱,https://www.bilibili.com/video/BV1Af4y1F7uv,和未來一起喝茶
欸嘿嘿嘿嘿😋 原曲,ギターと孤独と蒼い惑星 歌手,0.77,BV1Gw411q7Xd,【Neuro/歌回】⭐ギターと孤独と蒼い惑星⭐吉他与孤独与蓝色星球🎵我们Neuro一直喜欢Bocchi呀😋,https://www.bilibili.com/video/BV1Gw411q7Xd,_环戊烷多氢菲_
歌名,Dual Circulation 原曲,0.77,BV1j14y1b7RY,【东方project音乐分享】Dual Circulation,https://www.bilibili.com/video/BV1j14y1b7RY,沐灵_哈基沐哈气了
歌曲伴奏下载请戳活动页,https,0.77,BV1KJ411C7SB,【BDF2020主题曲MV】彩虹节拍【2020拜年祭单品】,https://www.bilibili.com/video/BV1KJ411C7SB,舞蹈区小锦鲤
源轴翻,空想家 https,0.77,BV1mS4y1e7Th,【字幕付】恋爱循环（covered by 紫咲シオン& Gawr Gura ）,https://www.bilibili.com/video/BV1mS4y1e7Th,MYTH神话观测协会
源轴翻,空想家 Gawr Gura https,0.77,BV1Pt4y1p7GU,【字幕付】白金ディスコ（covered by 紫咲シオン& Gawr Gura）,https://www.bilibili.com/video/BV1Pt4y1p7GU,MYTH神话观测协会
火力少年王主题曲完整版,,0.77,BV1Us411m7SG,【火力少年王主题曲】青春之火【完整版】,https://www.bilibili.com/video/BV1Us411m7SG,M社长
烟花点亮夜空，灯火照亮小马镇！ 新的一年，祝大家,,0.77,BV1rdZ5BWExd,蹄声闹春【2026拜年纪单品】,https://www.bilibili.com/video/BV1rdZ5BWExd,宇宙电满分
祝大家新年快乐。 2023年，姬雏和Studio LaRa也请大家多多关照。 本家,黒うさ https,0.77,BV1GG4y1L77u,HIMEHINA『千本樱』Cover,https://www.bilibili.com/video/BV1GG4y1L77u,田中姬铃木雏Official
素材来源,BV1As411P78o 借鉴,0.77,BV1yi4y1s7Df,【巨人】憧憬与尸之道完整mv 超高清重制版,https://www.bilibili.com/video/BV1yi4y1s7Df,正版滑稽果汁
绘图,,0.77,BV1Rs411D79b,【言和】牵丝戏（剧情向）,https://www.bilibili.com/video/BV1Rs411D79b,纳兰寻风
翻调曲 本家,,0.77,BV1tF411p78x,【翻调】群青，但是初音未来,https://www.bilibili.com/video/BV1tF411p78x,Disconnected_未链接
能力有限毕竟菜，第一次用板子很不习惯，还有软件啥的不是很清楚。 BGM下载https,pan.baidu.com,0.77,BV1HK4y1f7io,warma动了哦~,https://www.bilibili.com/video/BV1HK4y1f7io,各种季节的木头
自修 OP2,遥か彼方（遥远的彼方） 作词,0.77,BV1Qp4y137MZ,【4K/中日歌词】火影忍者鸣人传OP2『遥远的彼方』,https://www.bilibili.com/video/BV1Qp4y137MZ,JPL兔叽
自修 OP4,GO!!! 作词,0.77,BV1Bc411C7P8,【4K/中日歌词】火影忍者鸣人传OP4『GO!!!』,https://www.bilibili.com/video/BV1Bc411C7P8,JPL兔叽
自修 OP5,青春狂騒曲 作词,0.77,BV1Sg4y1U7Kz,【4K/中日歌词】火影忍者鸣人传OP5『青春狂騒曲』,https://www.bilibili.com/video/BV1Sg4y1U7Kz,JPL兔叽
自修 疾风传OP1,Hero's Come Back!! 作曲,0.77,BV19e4y1W79D,【4K/中日歌词】火影忍者疾风传 OP1『Hero's Come Back!!』,https://www.bilibili.com/video/BV19e4y1W79D,JPL兔叽
自修 疾风传OP10,newsong 作词,0.77,BV1QG4y1m7Ga,【4K/中日歌词】火影忍者疾风传OP10『newsong』,https://www.bilibili.com/video/BV1QG4y1m7Ga,JPL兔叽
自修 疾风传OP13,ニワカ雨ニモ负ケズ（骤雨中也不服输) 作词,0.77,BV15P411P7cn,【4K/中日歌词】火影忍者疾风传 OP13『不负骤雨』,https://www.bilibili.com/video/BV15P411P7cn,JPL兔叽
自修 疾风传OP5,ホタルノヒカリ（萤之光） 作词,0.77,BV1Td4y1t7sT,【4K/中日歌词】火影忍者疾风传OP5『萤之光』,https://www.bilibili.com/video/BV1Td4y1t7sT,JPL兔叽
自修 疾风传OP8,Diver（潜水者） 作词,0.77,BV1uP4y1d7Ad,【4K/中日歌词】火影忍者疾风传OP8『Diver』,https://www.bilibili.com/video/BV1uP4y1d7Ad,JPL兔叽
自修 疾风传OP9,ラヴァーズ（邂逅） 作词,0.77,BV1sv4y1R7Zj,【4K/中日歌词】火影忍者疾风传OP9『邂逅』,https://www.bilibili.com/video/BV1sv4y1R7Zj,JPL兔叽
自制 2015bilibili拜年祭,洛天依,0.77,BV1fx411A7hz,【洛天依古风原创曲】权御天下【原创PV付】,https://www.bilibili.com/video/BV1fx411A7hz,没有龟壳的乌龟
自制 听说能一块儿唱Niconiconi的，就能向妮可酱求婚一次哦(￣3￣) PS,不妨也来听听这个av3574107,0.77,BV1Xs411X7wh,【矢泽妮可】妮可酱，给我来一发最带感的Niconiconi！,https://www.bilibili.com/video/BV1Xs411X7wh,约谈人参
自制 音频下载地址,http,0.77,BV1es41127Fd,【洛天依/乐正绫原创】霜雪千年【PV付/COP】,https://www.bilibili.com/video/BV1es41127Fd,COPY
自制4K母带修复 大会员解锁4K画质,,0.77,BV1Nz411v79j,【Lady Gaga】Bad Romance (4K最强母带修复),https://www.bilibili.com/video/BV1Nz411v79j,globe_bot
自带字幕，并简单地将变身片段拼凑在一起，希望大家喜欢。 BGM,大小Ann,0.77,BV1tW411p7W8,巴啦啦小魔仙之梦幻旋律OP完整版剪辑,https://www.bilibili.com/video/BV1tW411p7W8,古月天子
英语作词,@-A路人- 翻唱： @排骨教主 @-A路人- 混音：@Mr_曾经 感谢：@TF_OrangeEidola英文站 PV：粹聚映画,0.77,BV1Bx411t79p,【排骨教主 / A路人】宠爱 英文版,https://www.bilibili.com/video/BV1Bx411t79p,A路人
虽然我们是虚拟的存在、但内心可是人类啊！！！ 抱着这样的心情Rock地唱了！ 舞蹈的MMD动作数据会在田中工务店仓库进行配布哦～！ https,bit.ly,0.77,BV1Sb411c7bE,HIMEHINA『ROKI（Cover）』MV,https://www.bilibili.com/video/BV1Sb411c7bE,田中姬铃木雏Official
行动过程中似乎出现了……有些意外的超展开？事已至此，那就祝所有人类在新的一年里,绛舞乱丸 作词：雨狸 混音：绛舞乱丸 演唱：兰音Reine、鹿火CAVY 作画：洛洛可Roroku、Lune 视频：洛洛可Roroku、扫子_VedIO 客串角色设计：Saku_炸（彩椒）、信号（番茄水母）、力仔（小哔小哩）,0.77,BV1CXZ5BxEaN,绝蜜行动【2026拜年纪单品】,https://www.bilibili.com/video/BV1CXZ5BxEaN,洛洛可Roroku
言和 作曲&主催,水能载舟，亦堪覆舟。江河万载，逆浪千秋。 #Staff# 演唱,0.77,BV1BW411s7g3,【2018拜年祭单品】逆浪千秋,https://www.bilibili.com/video/BV1BW411s7g3,没有龟壳的乌龟
译制自,https,0.77,BV1QWPqedE89,【中文字幕】ななひら & P丸様。『天天天国地狱国』【Aiobahn +81】,https://www.bilibili.com/video/BV1QWPqedE89,海盐苏打味的初夏
请不要犹豫点赞三连我！！！嗷┗,av19390801 日语填词,0.77,BV1Gt411b7ga,【魔性日语版】改革春风吹满地！一唱日语就立马开车了呢果然,https://www.bilibili.com/video/BV1Gt411b7ga,纳豆奶奶
赶在3月9号的尾巴上肝了一个鱼出来~ miku dayo~miku dayo~,上春山 作词,0.77,BV1rZ421a7cJ,【初音未来】上春山（cover 雷佳）,https://www.bilibili.com/video/BV1rZ421a7cJ,纳兰寻风
超平和虚拟busters的大家一直要这样关系很好哦！！！ 是这样的吧？？✨✨ 啊，是我一个人呢 (*´ω`*).;,,0.77,BV1PP411H7Rp,【YuNi】/secret base ～君がくれたもの～翻唱,https://www.bilibili.com/video/BV1PP411H7Rp,YuNi_Official
跟我一起转圈圈！ 制作,采紫葳的凌霄子 BGM,0.77,BV18b411L7oL,【全明星】触电（爱的魔力转圈圈）,https://www.bilibili.com/video/BV18b411L7oL,采紫葳的凌霄子
输入音频,https,0.77,BV1Cs4y1G7Xm,【AI艾米利亚】❤️这么可爱真是抱歉❤️,https://www.bilibili.com/video/BV1Cs4y1G7Xm,cheese12138
这是一首和@封茗囧菌 的英语合唱，届时一个月终于出炉啦！在很早以前就有英语作词的想法了，原版歌曲韵脚为ao韵，说实话英语作词为了押韵还是有点难度的，但是最终我这位抠脚大汉还是写出了小清新的词（不）……囧菌声音超好听温柔，特别是她独有的和声部分，让这首歌有两轨不同的和声垫在后面，让我自己都会洗脑循环啊！ 原唱,小潘潘 & 小峰峰 英语作词,0.77,BV1wW411D7sV,学猫叫英语版 Meow ☆ Meow ☆ Meow 【封茗囧菌 / A路人】,https://www.bilibili.com/video/BV1wW411D7sV,A路人
阴暗风！梦龙乐队新单<Natural>官方MV 以康君翻译,,0.77,BV1YW411D77x,【中英】阴暗风！梦龙乐队新单<Natural>官方MV,https://www.bilibili.com/video/BV1YW411D77x,Jackson0920
阴阳、天地、方圆、宇宙。世间万物皆如这弈棋,,0.77,BV1q34y1271d,弈【2022拜年纪单品】,https://www.bilibili.com/video/BV1q34y1271d,KBShinya
音乐制作人,iKz,0.77,BV1VFZEBEEPo,堪解人间【2026拜年纪单品】,https://www.bilibili.com/video/BV1VFZEBEEPo,iKz_茶壶
音悦台 http,www.yinyuetai.com,0.77,BV17s411f76Z,Bye Bye Beautiful 中英字幕,https://www.bilibili.com/video/BV17s411f76Z,政治的道德_周保松
项目地址,https,0.77,BV1MT411e7pV,【AI惠惠】夜に駆ける（向夜晚奔去）,https://www.bilibili.com/video/BV1MT411e7pV,Exploooosion
黄绿合战Day.10 对阵作品,BV1NK4y1j7Ew 投票传送门,0.77,BV17f4y1C7Bj,【孙悟空】天下局,https://www.bilibili.com/video/BV17f4y1C7Bj,似乎一脸懵逼
2017魔法未来 初音未来 把大家mikumiku掉 1080p 特效字幕,,0.55,BV1QW411y7G7,2017魔法未来 初音未来 把大家mikumiku掉 1080p 特效字幕,https://www.bilibili.com/video/BV1QW411y7G7,洛奇亚X
7首火遍世界的动漫主题曲，前奏一响就会让你想起以前的热血青春！找到那个时候的感觉了吗？,,0.55,BV1zW411Z7yo,7首火遍世界的动漫主题曲，前奏一响就会让你想起以前的热血青春！找到那个时候的感觉了吗？,https://www.bilibili.com/video/BV1zW411Z7yo,小姐姐爱娱乐
badguy 鬼畜生成器,,0.55,BV1Ut411E7e3,【互动视频】badguy 鬼畜生成器,https://www.bilibili.com/video/BV1Ut411E7e3,子欧鱼
Gentleman 原版 1080P,,0.55,BV1Zx411K7nT,Gentleman 原版 1080P,https://www.bilibili.com/video/BV1Zx411K7nT,白色樱花盛开时丶
Merry Christmas！,,0.55,BV1nJ411W75R,【十万粉感谢】Merry Christmas！,https://www.bilibili.com/video/BV1nJ411W75R,小太
NewDay,,0.55,BV1ca41127ih,NewDay【2022拜年纪单品】,https://www.bilibili.com/video/BV1ca41127ih,哔哩哔哩拜年纪
Ode to joy ~ 欢乐颂,,0.55,BV1Ss4112734,【黑乐谱】Ode to joy ~ 欢乐颂,https://www.bilibili.com/video/BV1Ss4112734,_Fits_
PASSION九曲相撞！九个愿望一次满足！,,0.55,BV1mt411A7Bk,PASSION九曲相撞！九个愿望一次满足！,https://www.bilibili.com/video/BV1mt411A7Bk,芝麻今天干什么
Purple Passion（紫色激情）,,0.55,BV1tD4y1U7Gq,【音乐时间】Purple Passion（紫色激情）,https://www.bilibili.com/video/BV1tD4y1U7Gq,靓之仔
Red Velvet强势回归!土耳其进行曲_练习室MV_by96猫,96猫,0.55,BV1A4411s7Qh,Red Velvet强势回归!土耳其进行曲_练习室MV_by96猫,https://www.bilibili.com/video/BV1A4411s7Qh,闷闷的阿然
san值清零后的世界有多美妙！,,0.55,BV17E411w7me,san值清零后的世界有多美妙！,https://www.bilibili.com/video/BV17E411w7me,去世机器
一半一半,,0.55,BV1cx411c79i,【洛天依原创】一半一半,https://www.bilibili.com/video/BV1cx411c79i,鸟爷ToriSama
万 恶 之 源,,0.55,BV1NJ41147ch,万 恶 之 源    [buttercup原曲],https://www.bilibili.com/video/BV1NJ41147ch,MCLE_B站的一根葱
万古生香,,0.55,BV1KJ411C7CW,万古生香【2020拜年祭单品】,https://www.bilibili.com/video/BV1KJ411C7CW,litterzy
不问天,,0.55,BV1sv4y1f7Q2,不问天【2021拜年纪单品】,https://www.bilibili.com/video/BV1sv4y1f7Q2,平安夜的噩梦
世界上没有我们小赫敏学不会的魔法,,0.55,BV1Lt411e7bF,【赫敏混剪】世界上没有我们小赫敏学不会的魔法,https://www.bilibili.com/video/BV1Lt411e7bF,拍车第一线-小畅
世界五大神曲排行榜 极乐净土只排第三,,0.55,BV1nx411G7Eu,世界五大神曲排行榜 极乐净土只排第三,https://www.bilibili.com/video/BV1nx411G7Eu,Fun2青年
个人重制+中文字幕版。。。请多关照,,0.55,BV1Ms411D7yF,【一笑悬命】个人重制+中文字幕版。。。请多关照,https://www.bilibili.com/video/BV1Ms411D7yF,浅羽Yuki君
人间游,,0.55,BV1zY4y1Z7C7,人间游【2023拜年纪单品】,https://www.bilibili.com/video/BV1zY4y1Z7C7,东予薏米
你的现实 Your Reality 中文字幕,,0.55,BV1it411x7a7,你的现实 Your Reality 中文字幕【Sayori 版本】,https://www.bilibili.com/video/BV1it411x7a7,小逗逼们大家好2号
冠世一战,,0.55,BV17t411y7D2,冠世一战【2019拜年祭单品】,https://www.bilibili.com/video/BV17t411y7D2,litterzy
初音ミク（FREELY TOMORROW） 中日双字,,0.55,BV1SL411G7mi,初音ミク（FREELY TOMORROW）4K 中日双字,https://www.bilibili.com/video/BV1SL411G7mi,静夏海风_沐云
另一个我,,0.55,BV1WR4y1j7Ar,另一个我【2022拜年纪单品】,https://www.bilibili.com/video/BV1WR4y1j7Ar,YuH_ChiliChill
史上最强中文歌，坂本OP完整空耳，这真的是一首中文歌，不信你看歌词,,0.55,BV1zb411h77C,史上最强中文歌，坂本OP完整空耳，这真的是一首中文歌，不信你看歌词,https://www.bilibili.com/video/BV1zb411h77C,BAIJUN929
周杰伦 化身时空旅人与艺术家们相遇,,0.55,BV1ua411p7iA,【最伟大的作品 | 官方MV 】周杰伦 化身时空旅人与艺术家们相遇,https://www.bilibili.com/video/BV1ua411p7iA,杰威尔音乐
周杰伦献唱核爆神曲aLIEz 与霍元甲的Mashup版本 aHUOz！,,0.55,BV1rs411S736,【去违和】周杰伦献唱核爆神曲aLIEz 与霍元甲的Mashup版本 aHUOz！,https://www.bilibili.com/video/BV1rs411S736,Bi哩Bi哩汪
哭泣少女乐队(闺泣)Girls Band Cry 第7话 插入歌映像,,0.55,BV1Jf42117ce,【4月/插曲/附歌词】哭泣少女乐队(闺泣)Girls Band Cry 第7话 插入歌映像【官方歌词】,https://www.bilibili.com/video/BV1Jf42117ce,夏日幻听MCE
国际歌,,0.55,BV1xK4y1b7Xa,【镇站之宝】国际歌,https://www.bilibili.com/video/BV1xK4y1b7Xa,新青年思想火炬
失恋阵线联盟,,0.55,BV12F411H7Tk,失恋阵线联盟【2022拜年纪单品】,https://www.bilibili.com/video/BV12F411H7Tk,汐渚之岸
奈克赛斯奥特曼,,0.55,BV1sy4y1h7WS,奈克赛斯奥特曼,https://www.bilibili.com/video/BV1sy4y1h7WS,
好 好 上 学,,0.55,BV1NDZ5BZEFm,好 好 上 学【2026拜年纪单品】,https://www.bilibili.com/video/BV1NDZ5BZEFm,Yume_梦梦
如果,,0.55,BV1Z8411A7jT,如果【2023拜年纪单品】,https://www.bilibili.com/video/BV1Z8411A7jT,纳兰寻风
希斯特利亚，你要抬起胸膛，骄傲地活下去啊,,0.55,BV14E411k7fR,【摔爹神曲/Zero Eclipse/进击的巨人】希斯特利亚，你要抬起胸膛，骄傲地活下去啊,https://www.bilibili.com/video/BV14E411k7fR,石开火华
带上耳机，一秒燃爆，刀闪如影，何须抑制自己的中二之魂！,,0.55,BV1Cb411L7jE,【极限电音】带上耳机，一秒燃爆，刀闪如影，何须抑制自己的中二之魂！,https://www.bilibili.com/video/BV1Cb411L7jE,星海璃幻
开心高兴歌,,0.55,BV1Xe411F7bq,开心高兴歌,https://www.bilibili.com/video/BV1Xe411F7bq,ilem
快乐肥宅歌 （恋爱循环中文填词）,,0.55,BV1nt411x7ge,【雪橇】快乐肥宅歌 （恋爱循环中文填词）,https://www.bilibili.com/video/BV1nt411x7ge,肥宅雪橇
恋爱循环 翻唱(大河PV付),(大河PV付),0.55,BV1Ss411Q7wr,恋爱循环 翻唱(大河PV付),https://www.bilibili.com/video/BV1Ss411Q7wr,hanser
恶 魔 小 丑,,0.55,BV18J41137YX,恶  魔  小  丑,https://www.bilibili.com/video/BV18J41137YX,SorryyPenny
愛之詩,,0.55,BV1ps411o7YU,【初音ミクV3】愛之詩【ラマーズP】,https://www.bilibili.com/video/BV1ps411o7YU,BILI君的音樂工房
手绘动画带你一分钟回顾苹果历代iPhone手机,,0.55,BV1XJ411P7fW,【别眨眼】手绘动画带你一分钟回顾苹果历代iPhone手机,https://www.bilibili.com/video/BV1XJ411P7fW,画心情的杨小绘
时光盲盒,,0.55,BV1A54y1x7Dj,时光盲盒【2021拜年纪单品】,https://www.bilibili.com/video/BV1A54y1x7Dj,千枼草_阑小逝
最强考试王！！！！!,,0.55,BV1Z5411Y7Ap,最强考试王！！！！!,https://www.bilibili.com/video/BV1Z5411Y7Ap,某幻君
最燃的神曲之一！90%的人却不知道歌名！！,,0.55,BV1mt411U7j3,【迪迦】最燃的神曲之一！90%的人却不知道歌名！！,https://www.bilibili.com/video/BV1mt411U7j3,有野星
有为青年,,0.55,BV1Mp4y1y7S4,【CSGO】有为青年,https://www.bilibili.com/video/BV1Mp4y1y7S4,谨言Liedown
欧布奥特曼,,0.55,BV1wX4y1g7Jx,欧布奥特曼,https://www.bilibili.com/video/BV1wX4y1g7Jx,
此视频可能会拯救你的视力!,,0.55,BV1fJ41177Xu,此视频可能会拯救你的视力!,https://www.bilibili.com/video/BV1fJ41177Xu,血小板゚゚゚゚゚゚
流年如歌,,0.55,BV1U44y1p7sA,流年如歌【2022拜年纪单品】,https://www.bilibili.com/video/BV1U44y1p7sA,哔哩哔哩拜年纪
火影忍者疾风传OP20 カラノココロ (空虚的心),,0.55,BV1sM411G7Rc,【4K双字】火影忍者疾风传OP20 カラノココロ (空虚的心),https://www.bilibili.com/video/BV1sM411G7Rc,Stars君
牵丝戏，（伪）女声翻唱，我还是不要告诉你们我是男孩子好了,,0.55,BV1us411S7E6,【排骨】牵丝戏，（伪）女声翻唱，我还是不要告诉你们我是男孩子好了,https://www.bilibili.com/video/BV1us411S7E6,排骨教主
神人调音版本！ 光妹ver.简单爱,】光妹ver.简单爱,0.55,BV1gE411x7zB,神人调音版本！【小光伪声翻唱】光妹ver.简单爱,https://www.bilibili.com/video/BV1gE411x7zB,雙聲類小光
神滅！片手剑煌黑龙4'39''25 TA规则 黎明死星 怪物猎人世界,,0.55,BV1fA41177wh,【MHWI】神滅！片手剑煌黑龙4'39''25 TA规则 黎明死星 怪物猎人世界,https://www.bilibili.com/video/BV1fA41177wh,更新姬Tama
终于找到迪迦里那首背景音乐了,,0.55,BV1rp411o755,终于找到迪迦里那首背景音乐了,https://www.bilibili.com/video/BV1rp411o755,账号已注销
船歌the Wellerman中英双语字幕，人员参与最多版本，令人震撼！,,0.55,BV1K5411w77Y,船歌the Wellerman中英双语字幕，人员参与最多版本，令人震撼！,https://www.bilibili.com/video/BV1K5411w77Y,橘猫捉鱼
艾辰,,0.55,BV14z4y1S7s2,艾辰——【错位时空】,https://www.bilibili.com/video/BV14z4y1S7s2,艾辰。
芒种 翻唱,音阙诗听,0.55,BV1e54y1Q7ZS,芒种 翻唱,https://www.bilibili.com/video/BV1e54y1Q7ZS,hanser
花Q之舞（ ）,,0.55,BV1sW411s7P3,花Q之舞（完整版）,https://www.bilibili.com/video/BV1sW411s7P3,薛定谔の彩虹猫
萌王献唱『ヨイハナビ』利姆露SAMA赛高！（中日歌词）,,0.55,BV1nV411W7sM,萌王献唱『ヨイハナビ』利姆露SAMA赛高！（中日歌词）,https://www.bilibili.com/video/BV1nV411W7sM,進撃の戴子昂
萨克斯版 柯南主题曲,by ChoiJiYoung],0.55,BV1xb411M7BR,萨克斯版 柯南主题曲[conan_saxophone_cover by ChoiJiYoung],https://www.bilibili.com/video/BV1xb411M7BR,301studio_china
超时空要塞f },,0.55,BV1Kf4y1R74X,超时空要塞f【射手座☆午後九時Don’t be late】},https://www.bilibili.com/video/BV1Kf4y1R74X,-嘉神川noelle-
这魔性的曲子我也就听了一百遍啊一百遍,,0.55,BV1n4411k7US,这魔性的曲子我也就听了一百遍啊一百遍,https://www.bilibili.com/video/BV1n4411k7US,小太
迪迦奥特曼（中配）,,0.55,BV1Pf4y1x7qH,迪迦奥特曼（中配）,https://www.bilibili.com/video/BV1Pf4y1x7qH,
静寂のアポストル,会的现场。 这首森雪之丞作词,0.55,BV1DA411v7SF,【JAM Project】静寂のアポストル【双语字幕】,https://www.bilibili.com/video/BV1DA411v7SF,灾难扼杀者
饼干警长片尾曲,,0.55,BV1Hs411A7s3,【童年回忆】饼干警长片尾曲,https://www.bilibili.com/video/BV1Hs411A7s3,旗旗号巡洋舰
麻烦鬼,Ryono,0.55,BV17s411Z7yU,【初音ミク】麻烦鬼【DECO*27】,https://www.bilibili.com/video/BV17s411Z7yU,牛牛蝎羯
